2018-01-05T17:50:00,1515174600,2.1,40,57.48,-1.36
2018-01-05T18:20:00,1515176400,2.6,350,57.48,-1.36
2018-01-05T18:20:00,1515176400,2.6,350,57.48,-1.36
2018-01-05T18:20:00,1515176400,2.6,350,57.48,-1.36
2018-01-05T18:50:00,1515178200,3.6,360,57.48,-1.36
2018-01-05T18:50:00,1515178200,3.6,360,57.48,-1.36
2018-01-05T18:50:00,1515178200,3.6,360,57.48,-1.36
2018-01-05T18:50:00,1515178200,3.6,360,57.48,-1.36
2018-01-05T19:20:00,1515180000,3.6,340,57.48,-1.36
2018-01-05T19:20:00,1515180000,3.6,340,57.48,-1.36
2018-01-05T19:20:00,1515180000,3.6,340,57.48,-1.36
2018-01-05T19:50:00,1515181800,3.6,340,57.48,-1.36
2018-01-05T19:50:00,1515181800,3.6,340,57.48,-1.36
2018-01-05T19:50:00,1515181800,3.6,340,57.48,-1.36
2018-01-05T19:50:00,1515181800,3.6,340,57.48,-1.36
2018-01-05T20:20:00,1515183600,3.1,350,57.48,-1.36
2018-01-05T20:20:00,1515183600,3.1,350,57.48,-1.36
2018-01-05T20:20:00,1515183600,3.1,350,57.48,-1.36
2018-01-05T20:20:00,1515183600,3.1,350,57.48,-1.36
2018-01-05T20:20:00,1515183600,3.1,350,57.48,-1.36
2018-01-05T20:50:00,1515185400,4.6,360,57.48,-1.36
2018-01-05T20:50:00,1515185400,4.6,360,57.48,-1.36
2018-01-05T21:20:00,1515187200,4.1,360,57.48,-1.36
2018-01-05T21:20:00,1515187200,4.1,360,57.48,-1.36
2018-01-05T21:20:00,1515187200,4.1,360,57.48,-1.36
2018-01-05T21:20:00,1515187200,4.1,360,57.48,-1.36
2018-01-05T21:50:00,1515189000,4.1,350,57.48,-1.36
2018-01-05T21:50:00,1515189000,4.1,350,57.48,-1.36
2018-01-05T21:50:00,1515189000,4.1,350,57.48,-1.36
2018-01-05T22:20:00,1515190800,2.1,330,57.48,-1.36
2018-01-05T22:20:00,1515190800,2.1,330,57.48,-1.36
2018-01-05T22:20:00,1515190800,2.1,330,57.48,-1.36
2018-01-05T22:20:00,1515190800,2.1,330,57.48,-1.36
2018-01-05T22:50:00,1515192600,4.1,340,57.48,-1.36
2018-01-05T22:50:00,1515192600,4.1,340,57.48,-1.36
2018-01-05T22:50:00,1515192600,4.1,340,57.48,-1.36
2018-01-05T22:50:00,1515192600,4.1,340,57.48,-1.36
2018-01-05T22:50:00,1515192600,4.1,340,57.48,-1.36
2018-01-05T23:20:00,1515194400,2.6,360,57.48,-1.36
2018-01-05T23:20:00,1515194400,2.6,360,57.48,-1.36
2018-01-05T23:20:00,1515194400,2.6,360,57.48,-1.36
2018-01-05T23:50:00,1515196200,3.6,340,57.48,-1.36
2018-01-05T23:50:00,1515196200,3.6,340,57.48,-1.36
2018-01-06T00:20:00,1515198000,4.1,340,57.48,-1.36
2018-01-06T00:20:00,1515198000,4.1,340,57.48,-1.36
2018-01-06T00:20:00,1515198000,4.1,340,57.48,-1.36
2018-01-06T00:20:00,1515198000,4.1,340,57.48,-1.36
2018-01-06T00:50:00,1515199800,4.1,360,57.48,-1.36
2018-01-06T00:50:00,1515199800,4.1,360,57.48,-1.36
2018-01-06T00:50:00,1515199800,4.1,360,57.48,-1.36
2018-01-06T01:20:00,1515201600,4.6,360,57.48,-1.36
2018-01-06T01:20:00,1515201600,4.6,360,57.48,-1.36
2018-01-06T01:20:00,1515201600,4.6,360,57.48,-1.36
2018-01-06T01:20:00,1515201600,4.6,360,57.48,-1.36
2018-01-06T01:50:00,1515203400,3.1,10,57.48,-1.36
2018-01-06T01:50:00,1515203400,3.1,10,57.48,-1.36
2018-01-06T01:50:00,1515203400,3.1,10,57.48,-1.36
2018-01-06T01:50:00,1515203400,3.1,10,57.48,-1.36
2018-01-06T01:50:00,1515203400,3.1,10,57.48,-1.36
2018-01-06T02:20:00,1515205200,3.1,360,57.48,-1.36
2018-01-06T02:20:00,1515205200,3.1,360,57.48,-1.36
2018-01-06T02:50:00,1515207000,5.1,30,57.48,-1.36
2018-01-06T02:50:00,1515207000,5.1,30,57.48,-1.36
2018-01-06T02:50:00,1515207000,5.1,30,57.48,-1.36
2018-01-06T02:50:00,1515207000,5.1,30,57.48,-1.36
2018-01-06T03:20:00,1515208800,3.6,350,57.48,-1.36
2018-01-06T03:20:00,1515208800,3.6,350,57.48,-1.36
2018-01-06T03:20:00,1515208800,3.6,350,57.48,-1.36
2018-01-06T03:20:00,1515208800,3.6,350,57.48,-1.36
2018-01-06T03:50:00,1515210600,3.6,350,57.48,-1.36
2018-01-06T03:50:00,1515210600,3.6,350,57.48,-1.36
2018-01-06T03:50:00,1515210600,3.6,350,57.48,-1.36
2018-01-06T03:50:00,1515210600,3.6,350,57.48,-1.36
2018-01-06T04:20:00,1515212400,4.6,360,57.48,-1.36
2018-01-06T04:20:00,1515212400,4.6,360,57.48,-1.36
2018-01-06T04:20:00,1515212400,4.6,360,57.48,-1.36
2018-01-06T04:20:00,1515212400,4.6,360,57.48,-1.36
2018-01-06T04:50:00,1515214200,6.2,360,57.48,-1.36
2018-01-06T04:50:00,1515214200,6.2,360,57.48,-1.36
2018-01-06T05:20:00,1515216000,4.1,350,57.48,-1.36
2018-01-06T05:20:00,1515216000,4.1,350,57.48,-1.36
2018-01-06T05:20:00,1515216000,4.1,350,57.48,-1.36
2018-01-06T05:20:00,1515216000,4.1,350,57.48,-1.36
2018-01-06T05:20:00,1515216000,4.1,350,57.48,-1.36
2018-01-06T05:50:00,1515217800,5.1,340,57.48,-1.36
2018-01-06T05:50:00,1515217800,5.1,340,57.48,-1.36
2018-01-06T05:50:00,1515217800,5.1,340,57.48,-1.36
2018-01-06T05:50:00,1515217800,5.1,340,57.48,-1.36
2018-01-06T06:20:00,1515219600,5.7,350,57.48,-1.36
2018-01-06T06:20:00,1515219600,5.7,350,57.48,-1.36
2018-01-06T06:20:00,1515219600,5.7,350,57.48,-1.36
2018-01-06T06:20:00,1515219600,5.7,350,57.48,-1.36
2018-01-06T06:50:00,1515221400,5.7,340,57.48,-1.36
2018-01-06T06:50:00,1515221400,5.7,340,57.48,-1.36
2018-01-06T07:20:00,1515223200,6.2,340,57.48,-1.36
2018-01-06T07:20:00,1515223200,6.2,340,57.48,-1.36
2018-01-06T07:20:00,1515223200,6.2,340,57.48,-1.36
2018-01-06T07:20:00,1515223200,6.2,340,57.48,-1.36
2018-01-06T07:50:00,1515225000,5.1,340,57.48,-1.36
2018-01-06T07:50:00,1515225000,5.1,340,57.48,-1.36
2018-01-06T07:50:00,1515225000,5.1,340,57.48,-1.36
2018-01-06T08:20:00,1515226800,4.6,330,57.48,-1.36
2018-01-06T08:20:00,1515226800,4.6,330,57.48,-1.36
2018-01-06T08:20:00,1515226800,4.6,330,57.48,-1.36
2018-01-06T08:20:00,1515226800,4.6,330,57.48,-1.36
2018-01-06T08:50:00,1515228600,4.6,340,57.48,-1.36
2018-01-06T08:50:00,1515228600,4.6,340,57.48,-1.36
2018-01-06T08:50:00,1515228600,4.6,340,57.48,-1.36
2018-01-06T09:20:00,1515230400,5.1,350,57.48,-1.36
2018-01-06T09:20:00,1515230400,5.1,350,57.48,-1.36
2018-01-06T09:20:00,1515230400,5.1,350,57.48,-1.36
2018-01-06T09:20:00,1515230400,5.1,350,57.48,-1.36
2018-01-06T09:50:00,1515232200,5.1,340,57.48,-1.36
2018-01-06T09:50:00,1515232200,5.1,340,57.48,-1.36
2018-01-06T09:50:00,1515232200,5.1,340,57.48,-1.36
2018-01-06T10:20:00,1515234000,5.1,330,57.48,-1.36
2018-01-06T10:20:00,1515234000,5.1,330,57.48,-1.36
2018-01-06T10:20:00,1515234000,5.1,330,57.48,-1.36
2018-01-06T10:20:00,1515234000,5.1,330,57.48,-1.36
2018-01-06T10:20:00,1515234000,5.1,330,57.48,-1.36
2018-01-06T10:50:00,1515235800,5.1,330,57.48,-1.36
2018-01-06T10:50:00,1515235800,5.1,330,57.48,-1.36
2018-01-06T10:50:00,1515235800,5.1,330,57.48,-1.36
2018-01-06T11:20:00,1515237600,5.1,340,57.48,-1.36
2018-01-06T11:20:00,1515237600,5.1,340,57.48,-1.36
2018-01-06T11:20:00,1515237600,5.1,340,57.48,-1.36
2018-01-06T11:50:00,1515239400,4.1,340,57.48,-1.36
2018-01-06T11:50:00,1515239400,4.1,340,57.48,-1.36
2018-01-06T11:50:00,1515239400,4.1,340,57.48,-1.36
2018-01-06T11:50:00,1515239400,4.1,340,57.48,-1.36
2018-01-06T11:50:00,1515239400,4.1,340,57.48,-1.36
2018-01-06T12:20:00,1515241200,5.1,340,57.48,-1.36
2018-01-06T12:20:00,1515241200,5.1,340,57.48,-1.36
2018-01-06T12:20:00,1515241200,5.1,340,57.48,-1.36
2018-01-06T12:50:00,1515243000,4.6,350,57.48,-1.36
2018-01-06T12:50:00,1515243000,4.6,350,57.48,-1.36
2018-01-06T12:50:00,1515243000,4.6,350,57.48,-1.36
2018-01-06T13:20:00,1515244800,4.1,350,57.48,-1.36
2018-01-06T13:20:00,1515244800,4.1,350,57.48,-1.36
2018-01-06T13:20:00,1515244800,4.1,350,57.48,-1.36
2018-01-06T13:50:00,1515246600,4.1,340,57.48,-1.36
2018-01-06T13:50:00,1515246600,4.1,340,57.48,-1.36
2018-01-06T13:50:00,1515246600,4.1,340,57.48,-1.36
2018-01-06T13:50:00,1515246600,4.1,340,57.48,-1.36
2018-01-06T13:50:00,1515246600,4.1,340,57.48,-1.36
2018-01-06T14:20:00,1515248400,4.6,340,57.48,-1.36
2018-01-06T14:20:00,1515248400,4.6,340,57.48,-1.36
2018-01-06T14:20:00,1515248400,4.6,340,57.48,-1.36
2018-01-06T14:50:00,1515250200,4.6,350,57.48,-1.36
2018-01-06T14:50:00,1515250200,4.6,350,57.48,-1.36
2018-01-06T14:50:00,1515250200,4.6,350,57.48,-1.36
2018-01-06T14:50:00,1515250200,4.6,350,57.48,-1.36
2018-01-06T15:20:00,1515252000,5.1,340,57.48,-1.36
2018-01-06T15:20:00,1515252000,5.1,340,57.48,-1.36
2018-01-06T15:20:00,1515252000,5.1,340,57.48,-1.36
2018-01-06T15:50:00,1515253800,3.6,340,57.48,-1.36
2018-01-06T15:50:00,1515253800,3.6,340,57.48,-1.36
2018-01-06T15:50:00,1515253800,3.6,340,57.48,-1.36
2018-01-06T15:50:00,1515253800,3.6,340,57.48,-1.36
2018-01-06T15:50:00,1515253800,3.6,340,57.48,-1.36
2018-01-06T16:20:00,1515255600,4.1,340,57.48,-1.36
2018-01-06T16:20:00,1515255600,4.1,340,57.48,-1.36
2018-01-06T16:50:00,1515257400,3.6,340,57.48,-1.36
2018-01-06T16:50:00,1515257400,3.6,340,57.48,-1.36
2018-01-06T16:50:00,1515257400,3.6,340,57.48,-1.36
2018-01-06T16:50:00,1515257400,3.6,340,57.48,-1.36
2018-01-06T17:20:00,1515259200,3.6,340,57.48,-1.36
2018-01-06T17:20:00,1515259200,3.6,340,57.48,-1.36
2018-01-06T17:20:00,1515259200,3.6,340,57.48,-1.36
2018-01-06T17:20:00,1515259200,3.6,340,57.48,-1.36
2018-01-06T17:50:00,1515261000,4.1,340,57.48,-1.36
2018-01-06T17:50:00,1515261000,4.1,340,57.48,-1.36
2018-01-06T17:50:00,1515261000,4.1,340,57.48,-1.36
2018-01-06T18:20:00,1515262800,4.1,350,57.48,-1.36
2018-01-06T18:20:00,1515262800,4.1,350,57.48,-1.36
2018-01-06T18:20:00,1515262800,4.1,350,57.48,-1.36
2018-01-06T18:20:00,1515262800,4.1,350,57.48,-1.36
2018-01-06T18:20:00,1515262800,4.1,350,57.48,-1.36
2018-01-06T18:50:00,1515264600,2.6,360,57.48,-1.36
2018-01-06T18:50:00,1515264600,2.6,360,57.48,-1.36
2018-01-06T18:50:00,1515264600,2.6,360,57.48,-1.36
2018-01-06T19:20:00,1515266400,2.1,350,57.48,-1.36
2018-01-06T19:20:00,1515266400,2.1,350,57.48,-1.36
2018-01-06T19:20:00,1515266400,2.1,350,57.48,-1.36
2018-01-06T19:50:00,1515268200,1,,57.48,-1.36
2018-01-06T19:50:00,1515268200,1,,57.48,-1.36
2018-01-06T19:50:00,1515268200,1,,57.48,-1.36
2018-01-06T20:20:00,1515270000,3.1,290,57.48,-1.36
2018-01-06T20:20:00,1515270000,3.1,290,57.48,-1.36
2018-01-06T20:20:00,1515270000,3.1,290,57.48,-1.36
2018-01-06T20:20:00,1515270000,3.1,290,57.48,-1.36
2018-01-06T20:50:00,1515271800,1.5,20,57.48,-1.36
2018-01-06T20:50:00,1515271800,1.5,20,57.48,-1.36
2018-01-06T20:50:00,1515271800,1.5,20,57.48,-1.36
2018-01-06T20:50:00,1515271800,1.5,20,57.48,-1.36
2018-01-06T20:50:00,1515271800,1.5,20,57.48,-1.36
2018-01-06T21:20:00,1515273600,1,,57.48,-1.36
2018-01-06T21:20:00,1515273600,1,,57.48,-1.36
2018-01-06T21:20:00,1515273600,1,,57.48,-1.36
2018-01-06T21:50:00,1515275400,3.1,300,57.48,-1.36
2018-01-06T21:50:00,1515275400,3.1,300,57.48,-1.36
2018-01-06T21:50:00,1515275400,3.1,300,57.48,-1.36
2018-01-06T22:20:00,1515277200,2.6,300,57.48,-1.36
2018-01-06T22:20:00,1515277200,2.6,300,57.48,-1.36
2018-01-06T22:20:00,1515277200,2.6,300,57.48,-1.36
2018-01-06T22:20:00,1515277200,2.6,300,57.48,-1.36
2018-01-06T22:50:00,1515279000,2.6,310,57.48,-1.36
2018-01-06T22:50:00,1515279000,2.6,310,57.48,-1.36
2018-01-06T22:50:00,1515279000,2.6,310,57.48,-1.36
2018-01-06T22:50:00,1515279000,2.6,310,57.48,-1.36
2018-01-06T23:20:00,1515280800,1,,57.48,-1.36
2018-01-06T23:20:00,1515280800,1,,57.48,-1.36
2018-01-06T23:20:00,1515280800,1,,57.48,-1.36
2018-01-06T23:50:00,1515282600,0.5,,57.48,-1.36
2018-01-06T23:50:00,1515282600,0.5,,57.48,-1.36
2018-01-06T23:50:00,1515282600,0.5,,57.48,-1.36
2018-01-07T00:20:00,1515284400,1.5,,57.48,-1.36
2018-01-07T00:20:00,1515284400,1.5,,57.48,-1.36
2018-01-07T00:20:00,1515284400,1.5,,57.48,-1.36
2018-01-07T00:20:00,1515284400,1.5,,57.48,-1.36
2018-01-07T00:50:00,1515286200,1,,57.48,-1.36
2018-01-07T00:50:00,1515286200,1,,57.48,-1.36
2018-01-07T00:50:00,1515286200,1,,57.48,-1.36
2018-01-07T01:20:00,1515288000,0.5,,57.48,-1.36
2018-01-07T01:20:00,1515288000,0.5,,57.48,-1.36
2018-01-07T01:20:00,1515288000,0.5,,57.48,-1.36
2018-01-07T01:20:00,1515288000,0.5,,57.48,-1.36
2018-01-07T01:20:00,1515288000,0.5,,57.48,-1.36
2018-01-07T01:50:00,1515289800,0.5,,57.48,-1.36
2018-01-07T01:50:00,1515289800,0.5,,57.48,-1.36
2018-01-07T01:50:00,1515289800,0.5,,57.48,-1.36
2018-01-07T02:20:00,1515291600,0.5,,57.48,-1.36
2018-01-07T02:20:00,1515291600,0.5,,57.48,-1.36
2018-01-07T02:20:00,1515291600,0.5,,57.48,-1.36
2018-01-07T02:50:00,1515293400,0.5,30,57.48,-1.36
2018-01-07T02:50:00,1515293400,0.5,30,57.48,-1.36
2018-01-07T02:50:00,1515293400,0.5,30,57.48,-1.36
2018-01-07T02:50:00,1515293400,0.5,30,57.48,-1.36
2018-01-07T03:20:00,1515295200,1,10,57.48,-1.36
2018-01-07T03:20:00,1515295200,1,10,57.48,-1.36
2018-01-07T03:20:00,1515295200,1,10,57.48,-1.36
2018-01-07T03:20:00,1515295200,1,10,57.48,-1.36
2018-01-07T03:50:00,1515297000,1,360,57.48,-1.36
2018-01-07T03:50:00,1515297000,1,360,57.48,-1.36
2018-01-07T03:50:00,1515297000,1,360,57.48,-1.36
2018-01-07T03:50:00,1515297000,1,360,57.48,-1.36
2018-01-07T04:20:00,1515298800,1,,57.48,-1.36
2018-01-07T04:20:00,1515298800,1,,57.48,-1.36
2018-01-07T04:50:00,1515300600,0.5,,57.48,-1.36
2018-01-07T04:50:00,1515300600,0.5,,57.48,-1.36
2018-01-07T04:50:00,1515300600,0.5,,57.48,-1.36
2018-01-07T04:50:00,1515300600,0.5,,57.48,-1.36
2018-01-07T05:20:00,1515302400,0.5,20,57.48,-1.36
2018-01-07T05:20:00,1515302400,0.5,20,57.48,-1.36
2018-01-07T05:20:00,1515302400,0.5,20,57.48,-1.36
2018-01-07T05:20:00,1515302400,0.5,20,57.48,-1.36
2018-01-07T05:50:00,1515304200,0.5,,57.48,-1.36
2018-01-07T05:50:00,1515304200,0.5,,57.48,-1.36
2018-01-07T05:50:00,1515304200,0.5,,57.48,-1.36
2018-01-07T05:50:00,1515304200,0.5,,57.48,-1.36
2018-01-07T06:20:00,1515306000,0.5,20,57.48,-1.36
2018-01-07T06:20:00,1515306000,0.5,20,57.48,-1.36
2018-01-07T06:20:00,1515306000,0.5,20,57.48,-1.36
2018-01-07T06:50:00,1515307800,0.5,,57.48,-1.36
2018-01-07T06:50:00,1515307800,0.5,,57.48,-1.36
2018-01-07T06:50:00,1515307800,0.5,,57.48,-1.36
2018-01-07T07:20:00,1515309600,1.5,360,57.48,-1.36
2018-01-07T07:20:00,1515309600,1.5,360,57.48,-1.36
2018-01-07T07:20:00,1515309600,1.5,360,57.48,-1.36
2018-01-07T07:20:00,1515309600,1.5,360,57.48,-1.36
2018-01-07T07:50:00,1515311400,1.5,,57.48,-1.36
2018-01-07T07:50:00,1515311400,1.5,,57.48,-1.36
2018-01-07T07:50:00,1515311400,1.5,,57.48,-1.36
2018-01-07T07:50:00,1515311400,1.5,,57.48,-1.36
2018-01-07T08:20:00,1515313200,1,,57.48,-1.36
2018-01-07T08:20:00,1515313200,1,,57.48,-1.36
2018-01-07T08:20:00,1515313200,1,,57.48,-1.36
2018-01-07T08:50:00,1515315000,1,,57.48,-1.36
2018-01-07T08:50:00,1515315000,1,,57.48,-1.36
2018-01-07T08:50:00,1515315000,1,,57.48,-1.36
2018-01-07T08:50:00,1515315000,1,,57.48,-1.36
2018-01-07T09:20:00,1515316800,1,,57.48,-1.36
2018-01-07T09:20:00,1515316800,1,,57.48,-1.36
2018-01-07T09:20:00,1515316800,1,,57.48,-1.36
2018-01-07T09:50:00,1515318600,1,,57.48,-1.36
2018-01-07T09:50:00,1515318600,1,,57.48,-1.36
2018-01-07T09:50:00,1515318600,1,,57.48,-1.36
2018-01-07T09:50:00,1515318600,1,,57.48,-1.36
2018-01-07T09:50:00,1515318600,1,,57.48,-1.36
2018-01-07T10:20:00,1515320400,2.1,260,57.48,-1.36
2018-01-07T10:20:00,1515320400,2.1,260,57.48,-1.36
2018-01-07T10:20:00,1515320400,2.1,260,57.48,-1.36
2018-01-07T10:50:00,1515322200,2.6,250,57.48,-1.36
2018-01-07T10:50:00,1515322200,2.6,250,57.48,-1.36
2018-01-07T10:50:00,1515322200,2.6,250,57.48,-1.36
2018-01-07T10:50:00,1515322200,2.6,250,57.48,-1.36
2018-01-07T11:20:00,1515324000,1.5,,57.48,-1.36
2018-01-07T11:20:00,1515324000,1.5,,57.48,-1.36
2018-01-07T11:20:00,1515324000,1.5,,57.48,-1.36
2018-01-07T11:20:00,1515324000,1.5,,57.48,-1.36
2018-01-07T11:50:00,1515325800,3.6,230,57.48,-1.36
2018-01-07T11:50:00,1515325800,3.6,230,57.48,-1.36
2018-01-07T11:50:00,1515325800,3.6,230,57.48,-1.36
2018-01-07T12:20:00,1515327600,3.1,240,57.48,-1.36
2018-01-07T12:20:00,1515327600,3.1,240,57.48,-1.36
2018-01-07T12:20:00,1515327600,3.1,240,57.48,-1.36
2018-01-07T12:20:00,1515327600,3.1,240,57.48,-1.36
2018-01-07T12:50:00,1515329400,4.6,220,57.48,-1.36
2018-01-07T12:50:00,1515329400,4.6,220,57.48,-1.36
2018-01-07T12:50:00,1515329400,4.6,220,57.48,-1.36
2018-01-07T13:20:00,1515331200,3.1,220,57.48,-1.36
2018-01-07T13:20:00,1515331200,3.1,220,57.48,-1.36
2018-01-07T13:20:00,1515331200,3.1,220,57.48,-1.36
2018-01-07T13:20:00,1515331200,3.1,220,57.48,-1.36
2018-01-07T13:50:00,1515333000,2.6,240,57.48,-1.36
2018-01-07T13:50:00,1515333000,2.6,240,57.48,-1.36
2018-01-07T13:50:00,1515333000,2.6,240,57.48,-1.36
2018-01-07T14:20:00,1515334800,2.6,210,57.48,-1.36
2018-01-07T14:20:00,1515334800,2.6,210,57.48,-1.36
2018-01-07T14:20:00,1515334800,2.6,210,57.48,-1.36
2018-01-07T14:20:00,1515334800,2.6,210,57.48,-1.36
2018-01-07T14:50:00,1515336600,2.6,230,57.48,-1.36
2018-01-07T14:50:00,1515336600,2.6,230,57.48,-1.36
2018-01-07T14:50:00,1515336600,2.6,230,57.48,-1.36
2018-01-07T15:20:00,1515338400,2.1,220,57.48,-1.36
2018-01-07T15:20:00,1515338400,2.1,220,57.48,-1.36
2018-01-07T15:20:00,1515338400,2.1,220,57.48,-1.36
2018-01-07T15:20:00,1515338400,2.1,220,57.48,-1.36
2018-01-07T15:20:00,1515338400,2.1,220,57.48,-1.36
2018-01-07T15:50:00,1515340200,1.5,250,57.48,-1.36
2018-01-07T15:50:00,1515340200,1.5,250,57.48,-1.36
2018-01-07T16:20:00,1515342000,2.1,220,57.48,-1.36
2018-01-07T16:20:00,1515342000,2.1,220,57.48,-1.36
2018-01-07T16:20:00,1515342000,2.1,220,57.48,-1.36
2018-01-07T16:20:00,1515342000,2.1,220,57.48,-1.36
2018-01-07T16:50:00,1515343800,1,,57.48,-1.36
2018-01-07T16:50:00,1515343800,1,,57.48,-1.36
2018-01-07T16:50:00,1515343800,1,,57.48,-1.36
2018-01-07T16:50:00,1515343800,1,,57.48,-1.36
2018-01-07T17:20:00,1515345600,1,190,57.48,-1.36
2018-01-07T17:20:00,1515345600,1,190,57.48,-1.36
2018-01-07T17:20:00,1515345600,1,190,57.48,-1.36
2018-01-07T17:50:00,1515347400,0.5,,57.48,-1.36
2018-01-07T17:50:00,1515347400,0.5,,57.48,-1.36
2018-01-07T17:50:00,1515347400,0.5,,57.48,-1.36
2018-01-07T17:50:00,1515347400,0.5,,57.48,-1.36
2018-01-07T18:20:00,1515349200,0.5,,57.48,-1.36
2018-01-07T18:20:00,1515349200,0.5,,57.48,-1.36
2018-01-07T18:20:00,1515349200,0.5,,57.48,-1.36
2018-01-07T18:50:00,1515351000,0.5,,57.48,-1.36
2018-01-07T18:50:00,1515351000,0.5,,57.48,-1.36
2018-01-07T18:50:00,1515351000,0.5,,57.48,-1.36
2018-01-07T18:50:00,1515351000,0.5,,57.48,-1.36
2018-01-07T18:50:00,1515351000,0.5,,57.48,-1.36
2018-01-07T19:20:00,1515352800,0.5,,57.48,-1.36
2018-01-07T19:20:00,1515352800,0.5,,57.48,-1.36
2018-01-07T19:20:00,1515352800,0.5,,57.48,-1.36
2018-01-07T19:50:00,1515354600,1,,57.48,-1.36
2018-01-07T19:50:00,1515354600,1,,57.48,-1.36
2018-01-07T19:50:00,1515354600,1,,57.48,-1.36
2018-01-07T20:20:00,1515356400,0.5,,57.48,-1.36
2018-01-07T20:20:00,1515356400,0.5,,57.48,-1.36
2018-01-07T20:20:00,1515356400,0.5,,57.48,-1.36
2018-01-07T20:20:00,1515356400,0.5,,57.48,-1.36
2018-01-07T20:50:00,1515358200,3.9,214.5,57.48,-1.36
2018-01-07T20:50:00,1515358200,3.9,214.5,57.48,-1.36
2018-01-07T20:50:00,1515358200,3.9,214.5,57.48,-1.36
2018-01-07T20:50:00,1515358200,3.9,214.5,57.48,-1.36
2018-01-07T20:50:00,1515358200,3.9,214.5,57.48,-1.36
2018-01-07T21:20:00,1515360000,0.5,,57.48,-1.36
2018-01-07T21:20:00,1515360000,0.5,,57.48,-1.36
2018-01-07T21:50:00,1515361800,1,,57.48,-1.36
2018-01-07T21:50:00,1515361800,1,,57.48,-1.36
2018-01-07T21:50:00,1515361800,1,,57.48,-1.36
2018-01-07T22:20:00,1515363600,0.5,,57.48,-1.36
2018-01-07T22:20:00,1515363600,0.5,,57.48,-1.36
2018-01-07T22:20:00,1515363600,0.5,,57.48,-1.36
2018-01-07T22:20:00,1515363600,0.5,,57.48,-1.36
2018-01-07T22:50:00,1515365400,2.1,160,57.48,-1.36
2018-01-07T22:50:00,1515365400,2.1,160,57.48,-1.36
2018-01-07T22:50:00,1515365400,2.1,160,57.48,-1.36
2018-01-07T22:50:00,1515365400,2.1,160,57.48,-1.36
2018-01-07T22:50:00,1515365400,2.1,160,57.48,-1.36
2018-01-07T23:20:00,1515367200,1.5,170,57.48,-1.36
2018-01-07T23:20:00,1515367200,1.5,170,57.48,-1.36
2018-01-07T23:50:00,1515369000,1.5,200,57.48,-1.36
2018-01-07T23:50:00,1515369000,1.5,200,57.48,-1.36
2018-01-07T23:50:00,1515369000,1.5,200,57.48,-1.36
2018-01-07T23:50:00,1515369000,1.5,200,57.48,-1.36
2018-01-08T00:20:00,1515370800,3.6,180,57.48,-1.36
2018-01-08T00:20:00,1515370800,3.6,180,57.48,-1.36
2018-01-08T00:20:00,1515370800,3.6,180,57.48,-1.36
2018-01-08T00:50:00,1515372600,3.6,170,57.48,-1.36
2018-01-08T00:50:00,1515372600,3.6,170,57.48,-1.36
2018-01-08T00:50:00,1515372600,3.6,170,57.48,-1.36
2018-01-08T00:50:00,1515372600,3.6,170,57.48,-1.36
2018-01-08T01:20:00,1515374400,4.6,190,57.48,-1.36
2018-01-08T01:20:00,1515374400,4.6,190,57.48,-1.36
2018-01-08T01:20:00,1515374400,4.6,190,57.48,-1.36
2018-01-08T01:20:00,1515374400,4.6,190,57.48,-1.36
2018-01-08T01:50:00,1515376200,4.6,180,57.48,-1.36
2018-01-08T01:50:00,1515376200,4.6,180,57.48,-1.36
2018-01-08T01:50:00,1515376200,4.6,180,57.48,-1.36
2018-01-08T02:20:00,1515378000,2.1,190,57.48,-1.36
2018-01-08T02:20:00,1515378000,2.1,190,57.48,-1.36
2018-01-08T02:20:00,1515378000,2.1,190,57.48,-1.36
2018-01-08T02:20:00,1515378000,2.1,190,57.48,-1.36
2018-01-08T02:50:00,1515379800,2.1,210,57.48,-1.36
2018-01-08T02:50:00,1515379800,2.1,210,57.48,-1.36
2018-01-08T02:50:00,1515379800,2.1,210,57.48,-1.36
2018-01-08T02:50:00,1515379800,2.1,210,57.48,-1.36
2018-01-08T02:50:00,1515379800,2.1,210,57.48,-1.36
2018-01-08T03:20:00,1515381600,3.1,190,57.48,-1.36
2018-01-08T03:20:00,1515381600,3.1,190,57.48,-1.36
2018-01-08T03:20:00,1515381600,3.1,190,57.48,-1.36
2018-01-08T03:50:00,1515383400,3.1,170,57.48,-1.36
2018-01-08T03:50:00,1515383400,3.1,170,57.48,-1.36
2018-01-08T03:50:00,1515383400,3.1,170,57.48,-1.36
2018-01-08T03:50:00,1515383400,3.1,170,57.48,-1.36
2018-01-08T04:20:00,1515385200,4.6,190,57.48,-1.36
2018-01-08T04:20:00,1515385200,4.6,190,57.48,-1.36
2018-01-08T04:20:00,1515385200,4.6,190,57.48,-1.36
2018-01-08T04:50:00,1515387000,2.1,220,57.48,-1.36
2018-01-08T04:50:00,1515387000,2.1,220,57.48,-1.36
2018-01-08T04:50:00,1515387000,2.1,220,57.48,-1.36
2018-01-08T05:20:00,1515388800,2.6,210,57.48,-1.36
2018-01-08T05:20:00,1515388800,2.6,210,57.48,-1.36
2018-01-08T05:20:00,1515388800,2.6,210,57.48,-1.36
2018-01-08T05:20:00,1515388800,2.6,210,57.48,-1.36
2018-01-08T05:50:00,1515390600,4.1,200,57.48,-1.36
2018-01-08T05:50:00,1515390600,4.1,200,57.48,-1.36
2018-01-08T05:50:00,1515390600,4.1,200,57.48,-1.36
2018-01-08T05:50:00,1515390600,4.1,200,57.48,-1.36
2018-01-08T06:20:00,1515392400,4.6,190,57.48,-1.36
2018-01-08T06:20:00,1515392400,4.6,190,57.48,-1.36
2018-01-08T06:20:00,1515392400,4.6,190,57.48,-1.36
2018-01-08T06:50:00,1515394200,4.1,200,57.48,-1.36
2018-01-08T06:50:00,1515394200,4.1,200,57.48,-1.36
2018-01-08T06:50:00,1515394200,4.1,200,57.48,-1.36
2018-01-08T06:50:00,1515394200,4.1,200,57.48,-1.36
2018-01-08T07:20:00,1515396000,3.6,190,57.48,-1.36
2018-01-08T07:20:00,1515396000,3.6,190,57.48,-1.36
2018-01-08T07:20:00,1515396000,3.6,190,57.48,-1.36
2018-01-08T07:50:00,1515397800,4.1,200,57.48,-1.36
2018-01-08T07:50:00,1515397800,4.1,200,57.48,-1.36
2018-01-08T07:50:00,1515397800,4.1,200,57.48,-1.36
2018-01-08T08:20:00,1515399600,3.6,190,57.48,-1.36
2018-01-08T08:20:00,1515399600,3.6,190,57.48,-1.36
2018-01-08T08:20:00,1515399600,3.6,190,57.48,-1.36
2018-01-08T08:20:00,1515399600,3.6,190,57.48,-1.36
2018-01-08T08:20:00,1515399600,3.6,190,57.48,-1.36
2018-01-08T08:50:00,1515401400,3.1,180,57.48,-1.36
2018-01-08T08:50:00,1515401400,3.1,180,57.48,-1.36
2018-01-08T08:50:00,1515401400,3.1,180,57.48,-1.36
2018-01-08T08:50:00,1515401400,3.1,180,57.48,-1.36
2018-01-08T09:20:00,1515403200,3.6,190,57.48,-1.36
2018-01-08T09:20:00,1515403200,3.6,190,57.48,-1.36
2018-01-08T09:20:00,1515403200,3.6,190,57.48,-1.36
2018-01-08T09:50:00,1515405000,3.1,180,57.48,-1.36
2018-01-08T09:50:00,1515405000,3.1,180,57.48,-1.36
2018-01-08T09:50:00,1515405000,3.1,180,57.48,-1.36
2018-01-08T10:20:00,1515406800,3.1,190,57.48,-1.36
2018-01-08T10:20:00,1515406800,3.1,190,57.48,-1.36
2018-01-08T10:20:00,1515406800,3.1,190,57.48,-1.36
2018-01-08T10:50:00,1515408600,1.5,180,57.48,-1.36
2018-01-08T10:50:00,1515408600,1.5,180,57.48,-1.36
2018-01-08T10:50:00,1515408600,1.5,180,57.48,-1.36
2018-01-08T10:50:00,1515408600,1.5,180,57.48,-1.36
2018-01-08T11:20:00,1515410400,2.6,180,57.48,-1.36
2018-01-08T11:20:00,1515410400,2.6,180,57.48,-1.36
2018-01-08T11:20:00,1515410400,2.6,180,57.48,-1.36
2018-01-08T11:20:00,1515410400,2.6,180,57.48,-1.36
2018-01-08T11:50:00,1515412200,4.1,170,57.48,-1.36
2018-01-08T11:50:00,1515412200,4.1,170,57.48,-1.36
2018-01-08T11:50:00,1515412200,4.1,170,57.48,-1.36
2018-01-08T12:20:00,1515414000,6.2,160,57.48,-1.36
2018-01-08T12:20:00,1515414000,6.2,160,57.48,-1.36
2018-01-08T12:20:00,1515414000,6.2,160,57.48,-1.36
2018-01-08T12:20:00,1515414000,6.2,160,57.48,-1.36
2018-01-08T12:50:00,1515415800,6.7,160,57.48,-1.36
2018-01-08T12:50:00,1515415800,6.7,160,57.48,-1.36
2018-01-08T12:50:00,1515415800,6.7,160,57.48,-1.36
2018-01-08T12:50:00,1515415800,6.7,160,57.48,-1.36
2018-01-08T13:20:00,1515417600,6.7,160,57.48,-1.36
2018-01-08T13:20:00,1515417600,6.7,160,57.48,-1.36
2018-01-08T13:20:00,1515417600,6.7,160,57.48,-1.36
2018-01-08T13:50:00,1515419400,6.7,160,57.48,-1.36
2018-01-08T13:50:00,1515419400,6.7,160,57.48,-1.36
2018-01-08T13:50:00,1515419400,6.7,160,57.48,-1.36
2018-01-08T13:50:00,1515419400,6.7,160,57.48,-1.36
2018-01-08T14:20:00,1515421200,5.7,160,57.48,-1.36
2018-01-08T14:20:00,1515421200,5.7,160,57.48,-1.36
2018-01-08T14:20:00,1515421200,5.7,160,57.48,-1.36
2018-01-08T14:20:00,1515421200,5.7,160,57.48,-1.36
2018-01-08T14:50:00,1515423000,6.7,150,57.48,-1.36
2018-01-08T14:50:00,1515423000,6.7,150,57.48,-1.36
2018-01-08T14:50:00,1515423000,6.7,150,57.48,-1.36
2018-01-08T15:20:00,1515424800,5.7,160,57.48,-1.36
2018-01-08T15:20:00,1515424800,5.7,160,57.48,-1.36
2018-01-08T15:20:00,1515424800,5.7,160,57.48,-1.36
2018-01-08T15:20:00,1515424800,5.7,160,57.48,-1.36
2018-01-08T15:50:00,1515426600,5.7,150,57.48,-1.36
2018-01-08T15:50:00,1515426600,5.7,150,57.48,-1.36
2018-01-08T15:50:00,1515426600,5.7,150,57.48,-1.36
2018-01-08T16:20:00,1515428400,5.7,150,57.48,-1.36
2018-01-08T16:20:00,1515428400,5.7,150,57.48,-1.36
2018-01-08T16:20:00,1515428400,5.7,150,57.48,-1.36
2018-01-08T16:20:00,1515428400,5.7,150,57.48,-1.36
2018-01-08T16:50:00,1515430200,5.7,150,57.48,-1.36
2018-01-08T16:50:00,1515430200,5.7,150,57.48,-1.36
2018-01-08T16:50:00,1515430200,5.7,150,57.48,-1.36
2018-01-08T17:20:00,1515432000,6.7,150,57.48,-1.36
2018-01-08T17:20:00,1515432000,6.7,150,57.48,-1.36
2018-01-08T17:20:00,1515432000,6.7,150,57.48,-1.36
2018-01-08T17:20:00,1515432000,6.7,150,57.48,-1.36
2018-01-08T17:50:00,1515433800,6.7,160,57.48,-1.36
2018-01-08T17:50:00,1515433800,6.7,160,57.48,-1.36
2018-01-08T17:50:00,1515433800,6.7,160,57.48,-1.36
2018-01-08T18:20:00,1515435600,8.2,150,57.48,-1.36
2018-01-08T18:20:00,1515435600,8.2,150,57.48,-1.36
2018-01-08T18:20:00,1515435600,8.2,150,57.48,-1.36
2018-01-08T18:20:00,1515435600,8.2,150,57.48,-1.36
2018-01-08T18:50:00,1515437400,7.7,150,57.48,-1.36
2018-01-08T18:50:00,1515437400,7.7,150,57.48,-1.36
2018-01-08T18:50:00,1515437400,7.7,150,57.48,-1.36
2018-01-08T18:50:00,1515437400,7.7,150,57.48,-1.36
2018-01-08T19:20:00,1515439200,7.7,150,57.48,-1.36
2018-01-08T19:20:00,1515439200,7.7,150,57.48,-1.36
2018-01-08T19:20:00,1515439200,7.7,150,57.48,-1.36
2018-01-08T19:50:00,1515441000,8.2,150,57.48,-1.36
2018-01-08T19:50:00,1515441000,8.2,150,57.48,-1.36
2018-01-08T19:50:00,1515441000,8.2,150,57.48,-1.36
2018-01-08T19:50:00,1515441000,8.2,150,57.48,-1.36
2018-01-08T19:50:00,1515441000,8.2,150,57.48,-1.36
2018-01-08T20:20:00,1515442800,8.2,150,57.48,-1.36
2018-01-08T20:20:00,1515442800,8.2,150,57.48,-1.36
2018-01-08T20:20:00,1515442800,8.2,150,57.48,-1.36
2018-01-08T20:50:00,1515444600,6.7,140,57.48,-1.36
2018-01-08T20:50:00,1515444600,6.7,140,57.48,-1.36
2018-01-08T20:50:00,1515444600,6.7,140,57.48,-1.36
2018-01-08T21:20:00,1515446400,8.7,150,57.48,-1.36
2018-01-08T21:20:00,1515446400,8.7,150,57.48,-1.36
2018-01-08T21:20:00,1515446400,8.7,150,57.48,-1.36
2018-01-08T21:20:00,1515446400,8.7,150,57.48,-1.36
2018-01-08T21:50:00,1515448200,8.2,150,57.48,-1.36
2018-01-08T21:50:00,1515448200,8.2,150,57.48,-1.36
2018-01-08T21:50:00,1515448200,8.2,150,57.48,-1.36
2018-01-08T21:50:00,1515448200,8.2,150,57.48,-1.36
2018-01-08T22:20:00,1515450000,7.2,150,57.48,-1.36
2018-01-08T22:20:00,1515450000,7.2,150,57.48,-1.36
2018-01-08T22:20:00,1515450000,7.2,150,57.48,-1.36
2018-01-08T22:50:00,1515451800,7.2,150,57.48,-1.36
2018-01-08T22:50:00,1515451800,7.2,150,57.48,-1.36
2018-01-08T22:50:00,1515451800,7.2,150,57.48,-1.36
2018-01-08T22:50:00,1515451800,7.2,150,57.48,-1.36
2018-01-08T23:20:00,1515453600,7.2,150,57.48,-1.36
2018-01-08T23:20:00,1515453600,7.2,150,57.48,-1.36
2018-01-08T23:20:00,1515453600,7.2,150,57.48,-1.36
2018-01-08T23:20:00,1515453600,7.2,150,57.48,-1.36
2018-01-08T23:50:00,1515455400,6.2,150,57.48,-1.36
2018-01-08T23:50:00,1515455400,6.2,150,57.48,-1.36
2018-01-09T00:20:00,1515457200,5.7,150,57.48,-1.36
2018-01-09T00:20:00,1515457200,5.7,150,57.48,-1.36
2018-01-09T00:20:00,1515457200,5.7,150,57.48,-1.36
2018-01-09T00:20:00,1515457200,5.7,150,57.48,-1.36
2018-01-09T00:20:00,1515457200,5.7,150,57.48,-1.36
2018-01-09T00:20:00,1515457200,5.7,150,57.48,-1.36
2018-01-09T00:50:00,1515459000,6.7,150,57.48,-1.36
2018-01-09T00:50:00,1515459000,6.7,150,57.48,-1.36
2018-01-09T00:50:00,1515459000,6.7,150,57.48,-1.36
2018-01-09T01:20:00,1515460800,4.6,150,57.48,-1.36
2018-01-09T01:20:00,1515460800,4.6,150,57.48,-1.36
2018-01-09T01:20:00,1515460800,4.6,150,57.48,-1.36
2018-01-09T01:20:00,1515460800,4.6,150,57.48,-1.36
2018-01-09T01:50:00,1515462600,5.1,150,57.48,-1.36
2018-01-09T01:50:00,1515462600,5.1,150,57.48,-1.36
2018-01-09T01:50:00,1515462600,5.1,150,57.48,-1.36
2018-01-09T02:20:00,1515464400,5.7,150,57.48,-1.36
2018-01-09T02:20:00,1515464400,5.7,150,57.48,-1.36
2018-01-09T02:20:00,1515464400,5.7,150,57.48,-1.36
2018-01-09T02:50:00,1515466200,5.1,150,57.48,-1.36
2018-01-09T02:50:00,1515466200,5.1,150,57.48,-1.36
2018-01-09T02:50:00,1515466200,5.1,150,57.48,-1.36
2018-01-09T03:20:00,1515468000,7.2,150,57.48,-1.36
2018-01-09T03:20:00,1515468000,7.2,150,57.48,-1.36
2018-01-09T03:20:00,1515468000,7.2,150,57.48,-1.36
2018-01-09T03:20:00,1515468000,7.2,150,57.48,-1.36
2018-01-09T03:20:00,1515468000,7.2,150,57.48,-1.36
2018-01-09T03:50:00,1515469800,5.1,150,57.48,-1.36
2018-01-09T03:50:00,1515469800,5.1,150,57.48,-1.36
2018-01-09T04:20:00,1515471600,7.2,150,57.48,-1.36
2018-01-09T04:20:00,1515471600,7.2,150,57.48,-1.36
2018-01-09T04:20:00,1515471600,7.2,150,57.48,-1.36
2018-01-09T04:20:00,1515471600,7.2,150,57.48,-1.36
2018-01-09T04:50:00,1515473400,5.7,150,57.48,-1.36
2018-01-09T04:50:00,1515473400,5.7,150,57.48,-1.36
2018-01-09T04:50:00,1515473400,5.7,150,57.48,-1.36
2018-01-09T04:50:00,1515473400,5.7,150,57.48,-1.36
2018-01-09T05:20:00,1515475200,6.2,150,57.48,-1.36
2018-01-09T05:20:00,1515475200,6.2,150,57.48,-1.36
2018-01-09T05:20:00,1515475200,6.2,150,57.48,-1.36
2018-01-09T05:20:00,1515475200,6.2,150,57.48,-1.36
2018-01-09T05:20:00,1515475200,6.2,150,57.48,-1.36
2018-01-09T05:50:00,1515477000,4.6,150,57.48,-1.36
2018-01-09T05:50:00,1515477000,4.6,150,57.48,-1.36
2018-01-09T06:20:00,1515478800,6.7,150,57.48,-1.36
2018-01-09T06:20:00,1515478800,6.7,150,57.48,-1.36
2018-01-09T06:20:00,1515478800,6.7,150,57.48,-1.36
2018-01-09T06:50:00,1515480600,6.2,150,57.48,-1.36
2018-01-09T06:50:00,1515480600,6.2,150,57.48,-1.36
2018-01-09T06:50:00,1515480600,6.2,150,57.48,-1.36
2018-01-09T06:50:00,1515480600,6.2,150,57.48,-1.36
2018-01-09T07:20:00,1515482400,7.2,150,57.48,-1.36
2018-01-09T07:20:00,1515482400,7.2,150,57.48,-1.36
2018-01-09T07:20:00,1515482400,7.2,150,57.48,-1.36
2018-01-09T07:20:00,1515482400,7.2,150,57.48,-1.36
2018-01-09T07:50:00,1515484200,6.2,150,57.48,-1.36
2018-01-09T07:50:00,1515484200,6.2,150,57.48,-1.36
2018-01-09T07:50:00,1515484200,6.2,150,57.48,-1.36
2018-01-09T07:50:00,1515484200,6.2,150,57.48,-1.36
2018-01-09T08:20:00,1515486000,6.7,150,57.48,-1.36
2018-01-09T08:20:00,1515486000,6.7,150,57.48,-1.36
2018-01-09T08:20:00,1515486000,6.7,150,57.48,-1.36
2018-01-09T08:50:00,1515487800,7.7,150,57.48,-1.36
2018-01-09T08:50:00,1515487800,7.7,150,57.48,-1.36
2018-01-09T08:50:00,1515487800,7.7,150,57.48,-1.36
2018-01-09T08:50:00,1515487800,7.7,150,57.48,-1.36
2018-01-09T08:50:00,1515487800,7.7,150,57.48,-1.36
2018-01-09T09:20:00,1515489600,6.2,150,57.48,-1.36
2018-01-09T09:20:00,1515489600,6.2,150,57.48,-1.36
2018-01-09T09:50:00,1515491400,6.2,140,57.48,-1.36
2018-01-09T09:50:00,1515491400,6.2,140,57.48,-1.36
2018-01-09T09:50:00,1515491400,6.2,140,57.48,-1.36
2018-01-09T09:50:00,1515491400,6.2,140,57.48,-1.36
2018-01-09T10:20:00,1515493200,6.7,150,57.48,-1.36
2018-01-09T10:20:00,1515493200,6.7,150,57.48,-1.36
2018-01-09T10:20:00,1515493200,6.7,150,57.48,-1.36
2018-01-09T10:20:00,1515493200,6.7,150,57.48,-1.36
2018-01-09T10:50:00,1515495000,6.2,140,57.48,-1.36
2018-01-09T10:50:00,1515495000,6.2,140,57.48,-1.36
2018-01-09T10:50:00,1515495000,6.2,140,57.48,-1.36
2018-01-09T11:20:00,1515496800,6.7,150,57.48,-1.36
2018-01-09T11:20:00,1515496800,6.7,150,57.48,-1.36
2018-01-09T11:20:00,1515496800,6.7,150,57.48,-1.36
2018-01-09T11:20:00,1515496800,6.7,150,57.48,-1.36
2018-01-09T11:50:00,1515498600,6.2,140,57.48,-1.36
2018-01-09T11:50:00,1515498600,6.2,140,57.48,-1.36
2018-01-09T11:50:00,1515498600,6.2,140,57.48,-1.36
2018-01-09T12:20:00,1515500400,5.7,150,57.48,-1.36
2018-01-09T12:20:00,1515500400,5.7,150,57.48,-1.36
2018-01-09T12:20:00,1515500400,5.7,150,57.48,-1.36
2018-01-09T12:20:00,1515500400,5.7,150,57.48,-1.36
2018-01-09T12:50:00,1515502200,5.1,140,57.48,-1.36
2018-01-09T12:50:00,1515502200,5.1,140,57.48,-1.36
2018-01-09T12:50:00,1515502200,5.1,140,57.48,-1.36
2018-01-09T13:20:00,1515504000,4.6,140,57.48,-1.36
2018-01-09T13:20:00,1515504000,4.6,140,57.48,-1.36
2018-01-09T13:20:00,1515504000,4.6,140,57.48,-1.36
2018-01-09T13:20:00,1515504000,4.6,140,57.48,-1.36
2018-01-09T13:50:00,1515505800,6.2,140,57.48,-1.36
2018-01-09T13:50:00,1515505800,6.2,140,57.48,-1.36
2018-01-09T13:50:00,1515505800,6.2,140,57.48,-1.36
2018-01-09T13:50:00,1515505800,6.2,140,57.48,-1.36
2018-01-09T14:20:00,1515507600,5.7,140,57.48,-1.36
2018-01-09T14:20:00,1515507600,5.7,140,57.48,-1.36
2018-01-09T14:20:00,1515507600,5.7,140,57.48,-1.36
2018-01-09T14:20:00,1515507600,5.7,140,57.48,-1.36
2018-01-09T14:50:00,1515509400,6.7,130,57.48,-1.36
2018-01-09T14:50:00,1515509400,6.7,130,57.48,-1.36
2018-01-09T15:20:00,1515511200,5.7,130,57.48,-1.36
2018-01-09T15:20:00,1515511200,5.7,130,57.48,-1.36
2018-01-09T15:20:00,1515511200,5.7,130,57.48,-1.36
2018-01-09T15:20:00,1515511200,5.7,130,57.48,-1.36
2018-01-09T15:20:00,1515511200,5.7,130,57.48,-1.36
2018-01-09T15:50:00,1515513000,5.7,130,57.48,-1.36
2018-01-09T15:50:00,1515513000,5.7,130,57.48,-1.36
2018-01-09T15:50:00,1515513000,5.7,130,57.48,-1.36
2018-01-09T15:50:00,1515513000,5.7,130,57.48,-1.36
2018-01-09T16:20:00,1515514800,6.7,140,57.48,-1.36
2018-01-09T16:20:00,1515514800,6.7,140,57.48,-1.36
2018-01-09T16:20:00,1515514800,6.7,140,57.48,-1.36
2018-01-09T16:50:00,1515516600,5.7,150,57.48,-1.36
2018-01-09T16:50:00,1515516600,5.7,150,57.48,-1.36
2018-01-09T16:50:00,1515516600,5.7,150,57.48,-1.36
2018-01-09T16:50:00,1515516600,5.7,150,57.48,-1.36
2018-01-09T17:20:00,1515518400,5.1,140,57.48,-1.36
2018-01-09T17:20:00,1515518400,5.1,140,57.48,-1.36
2018-01-09T17:20:00,1515518400,5.1,140,57.48,-1.36
2018-01-09T17:50:00,1515520200,6.2,130,57.48,-1.36
2018-01-09T17:50:00,1515520200,6.2,130,57.48,-1.36
2018-01-09T17:50:00,1515520200,6.2,130,57.48,-1.36
2018-01-09T17:50:00,1515520200,6.2,130,57.48,-1.36
2018-01-09T18:20:00,1515522000,6.2,130,57.48,-1.36
2018-01-09T18:20:00,1515522000,6.2,130,57.48,-1.36
2018-01-09T18:20:00,1515522000,6.2,130,57.48,-1.36
2018-01-09T18:20:00,1515522000,6.2,130,57.48,-1.36
2018-01-09T18:50:00,1515523800,5.1,140,57.48,-1.36
2018-01-09T18:50:00,1515523800,5.1,140,57.48,-1.36
2018-01-09T18:50:00,1515523800,5.1,140,57.48,-1.36
2018-01-09T19:20:00,1515525600,5.7,140,57.48,-1.36
2018-01-09T19:20:00,1515525600,5.7,140,57.48,-1.36
2018-01-09T19:20:00,1515525600,5.7,140,57.48,-1.36
2018-01-09T19:50:00,1515527400,7.2,150,57.48,-1.36
2018-01-09T19:50:00,1515527400,7.2,150,57.48,-1.36
2018-01-09T19:50:00,1515527400,7.2,150,57.48,-1.36
2018-01-09T19:50:00,1515527400,7.2,150,57.48,-1.36
2018-01-09T19:50:00,1515527400,7.2,150,57.48,-1.36
2018-01-09T20:20:00,1515529200,7.7,150,57.48,-1.36
2018-01-09T20:20:00,1515529200,7.7,150,57.48,-1.36
2018-01-09T20:20:00,1515529200,7.7,150,57.48,-1.36
2018-01-09T20:20:00,1515529200,7.7,150,57.48,-1.36
2018-01-09T20:50:00,1515531000,6.2,140,57.48,-1.36
2018-01-09T20:50:00,1515531000,6.2,140,57.48,-1.36
2018-01-09T20:50:00,1515531000,6.2,140,57.48,-1.36
2018-01-09T21:20:00,1515532800,6.7,150,57.48,-1.36
2018-01-09T21:20:00,1515532800,6.7,150,57.48,-1.36
2018-01-09T21:20:00,1515532800,6.7,150,57.48,-1.36
2018-01-09T21:20:00,1515532800,6.7,150,57.48,-1.36
2018-01-09T21:50:00,1515534600,6.7,150,57.48,-1.36
2018-01-09T21:50:00,1515534600,6.7,150,57.48,-1.36
2018-01-09T22:20:00,1515536400,5.7,140,57.48,-1.36
2018-01-09T22:20:00,1515536400,5.7,140,57.48,-1.36
2018-01-09T22:20:00,1515536400,5.7,140,57.48,-1.36
2018-01-09T22:20:00,1515536400,5.7,140,57.48,-1.36
2018-01-09T22:20:00,1515536400,5.7,140,57.48,-1.36
2018-01-09T22:50:00,1515538200,5.7,140,57.48,-1.36
2018-01-09T22:50:00,1515538200,5.7,140,57.48,-1.36
2018-01-09T23:20:00,1515540000,6.7,150,57.48,-1.36
2018-01-09T23:20:00,1515540000,6.7,150,57.48,-1.36
2018-01-09T23:20:00,1515540000,6.7,150,57.48,-1.36
2018-01-09T23:20:00,1515540000,6.7,150,57.48,-1.36
2018-01-09T23:50:00,1515541800,5.7,140,57.48,-1.36
2018-01-09T23:50:00,1515541800,5.7,140,57.48,-1.36
2018-01-09T23:50:00,1515541800,5.7,140,57.48,-1.36
2018-01-09T23:50:00,1515541800,5.7,140,57.48,-1.36
2018-01-10T00:20:00,1515543600,4.6,140,57.48,-1.36
2018-01-10T00:20:00,1515543600,4.6,140,57.48,-1.36
2018-01-10T00:20:00,1515543600,4.6,140,57.48,-1.36
2018-01-10T00:50:00,1515545400,7.2,160,57.48,-1.36
2018-01-10T00:50:00,1515545400,7.2,160,57.48,-1.36
2018-01-10T00:50:00,1515545400,7.2,160,57.48,-1.36
2018-01-10T00:50:00,1515545400,7.2,160,57.48,-1.36
2018-01-10T01:20:00,1515547200,7.2,160,57.48,-1.36
2018-01-10T01:20:00,1515547200,7.2,160,57.48,-1.36
2018-01-10T01:20:00,1515547200,7.2,160,57.48,-1.36
2018-01-10T01:50:00,1515549000,6.2,150,57.48,-1.36
2018-01-10T01:50:00,1515549000,6.2,150,57.48,-1.36
2018-01-10T01:50:00,1515549000,6.2,150,57.48,-1.36
2018-01-10T01:50:00,1515549000,6.2,150,57.48,-1.36
2018-01-10T02:20:00,1515550800,5.1,160,57.48,-1.36
2018-01-10T02:20:00,1515550800,5.1,160,57.48,-1.36
2018-01-10T02:20:00,1515550800,5.1,160,57.48,-1.36
2018-01-10T02:20:00,1515550800,5.1,160,57.48,-1.36
2018-01-10T02:50:00,1515552600,6.2,180,57.48,-1.36
2018-01-10T02:50:00,1515552600,6.2,180,57.48,-1.36
2018-01-10T02:50:00,1515552600,6.2,180,57.48,-1.36
2018-01-10T03:20:00,1515554400,3.6,180,57.48,-1.36
2018-01-10T03:20:00,1515554400,3.6,180,57.48,-1.36
2018-01-10T03:20:00,1515554400,3.6,180,57.48,-1.36
2018-01-10T03:20:00,1515554400,3.6,180,57.48,-1.36
2018-01-10T03:20:00,1515554400,3.6,180,57.48,-1.36
2018-01-10T03:50:00,1515556200,3.1,180,57.48,-1.36
2018-01-10T03:50:00,1515556200,3.1,180,57.48,-1.36
2018-01-10T03:50:00,1515556200,3.1,180,57.48,-1.36
2018-01-10T04:20:00,1515558000,1.5,150,57.48,-1.36
2018-01-10T04:20:00,1515558000,1.5,150,57.48,-1.36
2018-01-10T04:20:00,1515558000,1.5,150,57.48,-1.36
2018-01-10T04:20:00,1515558000,1.5,150,57.48,-1.36
2018-01-10T04:50:00,1515559800,3.6,150,57.48,-1.36
2018-01-10T04:50:00,1515559800,3.6,150,57.48,-1.36
2018-01-10T04:50:00,1515559800,3.6,150,57.48,-1.36
2018-01-10T05:20:00,1515561600,4.1,160,57.48,-1.36
2018-01-10T05:20:00,1515561600,4.1,160,57.48,-1.36
2018-01-10T05:20:00,1515561600,4.1,160,57.48,-1.36
2018-01-10T05:50:00,1515563400,4.1,170,57.48,-1.36
2018-01-10T05:50:00,1515563400,4.1,170,57.48,-1.36
2018-01-10T05:50:00,1515563400,4.1,170,57.48,-1.36
2018-01-10T05:50:00,1515563400,4.1,170,57.48,-1.36
2018-01-10T05:50:00,1515563400,4.1,170,57.48,-1.36
2018-01-10T06:20:00,1515565200,3.6,160,57.48,-1.36
2018-01-10T06:20:00,1515565200,3.6,160,57.48,-1.36
2018-01-10T06:20:00,1515565200,3.6,160,57.48,-1.36
2018-01-10T06:50:00,1515567000,3.1,160,57.48,-1.36
2018-01-10T06:50:00,1515567000,3.1,160,57.48,-1.36
2018-01-10T06:50:00,1515567000,3.1,160,57.48,-1.36
2018-01-10T06:50:00,1515567000,3.1,160,57.48,-1.36
2018-01-10T07:20:00,1515568800,3.6,170,57.48,-1.36
2018-01-10T07:20:00,1515568800,3.6,170,57.48,-1.36
2018-01-10T07:20:00,1515568800,3.6,170,57.48,-1.36
2018-01-10T07:50:00,1515570600,2.6,150,57.48,-1.36
2018-01-10T07:50:00,1515570600,2.6,150,57.48,-1.36
2018-01-10T07:50:00,1515570600,2.6,150,57.48,-1.36
2018-01-10T08:20:00,1515572400,2.6,150,57.48,-1.36
2018-01-10T08:20:00,1515572400,2.6,150,57.48,-1.36
2018-01-10T08:20:00,1515572400,2.6,150,57.48,-1.36
2018-01-10T08:20:00,1515572400,2.6,150,57.48,-1.36
2018-01-10T08:20:00,1515572400,2.6,150,57.48,-1.36
2018-01-10T08:50:00,1515574200,2.1,160,57.48,-1.36
2018-01-10T08:50:00,1515574200,2.1,160,57.48,-1.36
2018-01-10T08:50:00,1515574200,2.1,160,57.48,-1.36
2018-01-10T09:20:00,1515576000,2.1,160,57.48,-1.36
2018-01-10T09:20:00,1515576000,2.1,160,57.48,-1.36
2018-01-10T09:20:00,1515576000,2.1,160,57.48,-1.36
2018-01-10T09:50:00,1515577800,2.1,200,57.48,-1.36
2018-01-10T09:50:00,1515577800,2.1,200,57.48,-1.36
2018-01-10T09:50:00,1515577800,2.1,200,57.48,-1.36
2018-01-10T09:50:00,1515577800,2.1,200,57.48,-1.36
2018-01-10T10:20:00,1515579600,1.5,,57.48,-1.36
2018-01-10T10:20:00,1515579600,1.5,,57.48,-1.36
2018-01-10T10:20:00,1515579600,1.5,,57.48,-1.36
2018-01-10T10:50:00,1515581400,1.5,,57.48,-1.36
2018-01-10T10:50:00,1515581400,1.5,,57.48,-1.36
2018-01-10T10:50:00,1515581400,1.5,,57.48,-1.36
2018-01-10T10:50:00,1515581400,1.5,,57.48,-1.36
2018-01-10T11:20:00,1515583200,1.5,,57.48,-1.36
2018-01-10T11:20:00,1515583200,1.5,,57.48,-1.36
2018-01-10T11:20:00,1515583200,1.5,,57.48,-1.36
2018-01-10T11:50:00,1515585000,2.1,40,57.48,-1.36
2018-01-10T11:50:00,1515585000,2.1,40,57.48,-1.36
2018-01-10T11:50:00,1515585000,2.1,40,57.48,-1.36
2018-01-10T11:50:00,1515585000,2.1,40,57.48,-1.36
2018-01-10T12:20:00,1515586800,2.1,330,57.48,-1.36
2018-01-10T12:20:00,1515586800,2.1,330,57.48,-1.36
2018-01-10T12:20:00,1515586800,2.1,330,57.48,-1.36
2018-01-10T12:20:00,1515586800,2.1,330,57.48,-1.36
2018-01-10T12:50:00,1515588600,2.1,310,57.48,-1.36
2018-01-10T12:50:00,1515588600,2.1,310,57.48,-1.36
2018-01-10T12:50:00,1515588600,2.1,310,57.48,-1.36
2018-01-10T13:20:00,1515590400,2.1,320,57.48,-1.36
2018-01-10T13:20:00,1515590400,2.1,320,57.48,-1.36
2018-01-10T13:20:00,1515590400,2.1,320,57.48,-1.36
2018-01-10T13:20:00,1515590400,2.1,320,57.48,-1.36
2018-01-10T13:50:00,1515592200,2.1,320,57.48,-1.36
2018-01-10T13:50:00,1515592200,2.1,320,57.48,-1.36
2018-01-10T13:50:00,1515592200,2.1,320,57.48,-1.36
2018-01-10T13:50:00,1515592200,2.1,320,57.48,-1.36
2018-01-10T14:20:00,1515594000,1.5,,57.48,-1.36
2018-01-10T14:20:00,1515594000,1.5,,57.48,-1.36
2018-01-10T14:20:00,1515594000,1.5,,57.48,-1.36
2018-01-10T14:50:00,1515595800,2.6,320,57.48,-1.36
2018-01-10T14:50:00,1515595800,2.6,320,57.48,-1.36
2018-01-10T14:50:00,1515595800,2.6,320,57.48,-1.36
2018-01-10T15:20:00,1515597600,3.1,300,57.48,-1.36
2018-01-10T15:20:00,1515597600,3.1,300,57.48,-1.36
2018-01-10T15:20:00,1515597600,3.1,300,57.48,-1.36
2018-01-10T15:20:00,1515597600,3.1,300,57.48,-1.36
2018-01-10T15:50:00,1515599400,2.6,330,57.48,-1.36
2018-01-10T15:50:00,1515599400,2.6,330,57.48,-1.36
2018-01-10T15:50:00,1515599400,2.6,330,57.48,-1.36
2018-01-10T15:50:00,1515599400,2.6,330,57.48,-1.36
2018-01-10T15:50:00,1515599400,2.6,330,57.48,-1.36
2018-01-10T16:20:00,1515601200,3.1,310,57.48,-1.36
2018-01-10T16:20:00,1515601200,3.1,310,57.48,-1.36
2018-01-10T16:50:00,1515603000,3.6,310,57.48,-1.36
2018-01-10T16:50:00,1515603000,3.6,310,57.48,-1.36
2018-01-10T16:50:00,1515603000,3.6,310,57.48,-1.36
2018-01-10T16:50:00,1515603000,3.6,310,57.48,-1.36
2018-01-10T17:20:00,1515604800,4.6,310,57.48,-1.36
2018-01-10T17:20:00,1515604800,4.6,310,57.48,-1.36
2018-01-10T17:20:00,1515604800,4.6,310,57.48,-1.36
2018-01-10T17:50:00,1515606600,4.1,320,57.48,-1.36
2018-01-10T17:50:00,1515606600,4.1,320,57.48,-1.36
2018-01-10T17:50:00,1515606600,4.1,320,57.48,-1.36
2018-01-10T17:50:00,1515606600,4.1,320,57.48,-1.36
2018-01-10T18:20:00,1515608400,3.1,330,57.48,-1.36
2018-01-10T18:20:00,1515608400,3.1,330,57.48,-1.36
2018-01-10T18:20:00,1515608400,3.1,330,57.48,-1.36
2018-01-10T18:20:00,1515608400,3.1,330,57.48,-1.36
2018-01-10T18:20:00,1515608400,3.1,330,57.48,-1.36
2018-01-10T18:50:00,1515610200,3.1,330,57.48,-1.36
2018-01-10T18:50:00,1515610200,3.1,330,57.48,-1.36
2018-01-10T19:20:00,1515612000,3.1,320,57.48,-1.36
2018-01-10T19:20:00,1515612000,3.1,320,57.48,-1.36
2018-01-10T19:20:00,1515612000,3.1,320,57.48,-1.36
2018-01-10T19:20:00,1515612000,3.1,320,57.48,-1.36
2018-01-10T19:50:00,1515613800,3.6,310,57.48,-1.36
2018-01-10T19:50:00,1515613800,3.6,310,57.48,-1.36
2018-01-10T19:50:00,1515613800,3.6,310,57.48,-1.36
2018-01-10T19:50:00,1515613800,3.6,310,57.48,-1.36
2018-01-10T20:20:00,1515615600,3.1,320,57.48,-1.36
2018-01-10T20:20:00,1515615600,3.1,320,57.48,-1.36
2018-01-10T20:20:00,1515615600,3.1,320,57.48,-1.36
2018-01-10T20:20:00,1515615600,3.1,320,57.48,-1.36
2018-01-10T20:50:00,1515617400,3.6,320,57.48,-1.36
2018-01-10T20:50:00,1515617400,3.6,320,57.48,-1.36
2018-01-10T20:50:00,1515617400,3.6,320,57.48,-1.36
2018-01-10T21:20:00,1515619200,4.6,310,57.48,-1.36
2018-01-10T21:20:00,1515619200,4.6,310,57.48,-1.36
2018-01-10T21:20:00,1515619200,4.6,310,57.48,-1.36
2018-01-10T21:20:00,1515619200,4.6,310,57.48,-1.36
2018-01-10T21:50:00,1515621000,3.6,330,57.48,-1.36
2018-01-10T21:50:00,1515621000,3.6,330,57.48,-1.36
2018-01-10T21:50:00,1515621000,3.6,330,57.48,-1.36
2018-01-10T22:20:00,1515622800,4.6,310,57.48,-1.36
2018-01-10T22:20:00,1515622800,4.6,310,57.48,-1.36
2018-01-10T22:20:00,1515622800,4.6,310,57.48,-1.36
2018-01-10T22:50:00,1515624600,3.6,320,57.48,-1.36
2018-01-10T22:50:00,1515624600,3.6,320,57.48,-1.36
2018-01-10T22:50:00,1515624600,3.6,320,57.48,-1.36
2018-01-10T22:50:00,1515624600,3.6,320,57.48,-1.36
2018-01-10T23:20:00,1515626400,3.6,310,57.48,-1.36
2018-01-10T23:20:00,1515626400,3.6,310,57.48,-1.36
2018-01-10T23:20:00,1515626400,3.6,310,57.48,-1.36
2018-01-10T23:20:00,1515626400,3.6,310,57.48,-1.36
2018-01-10T23:50:00,1515628200,2.1,340,57.48,-1.36
2018-01-10T23:50:00,1515628200,2.1,340,57.48,-1.36
2018-01-10T23:50:00,1515628200,2.1,340,57.48,-1.36
2018-01-11T00:20:00,1515630000,2.6,320,57.48,-1.36
2018-01-11T00:20:00,1515630000,2.6,320,57.48,-1.36
2018-01-11T00:20:00,1515630000,2.6,320,57.48,-1.36
2018-01-11T00:20:00,1515630000,2.6,320,57.48,-1.36
2018-01-11T00:50:00,1515631800,1,360,57.48,-1.36
2018-01-11T00:50:00,1515631800,1,360,57.48,-1.36
2018-01-11T00:50:00,1515631800,1,360,57.48,-1.36
2018-01-11T00:50:00,1515631800,1,360,57.48,-1.36
2018-01-11T01:20:00,1515633600,4.6,320,57.48,-1.36
2018-01-11T01:20:00,1515633600,4.6,320,57.48,-1.36
2018-01-11T01:20:00,1515633600,4.6,320,57.48,-1.36
2018-01-11T01:20:00,1515633600,4.6,320,57.48,-1.36
2018-01-11T01:50:00,1515635400,4.6,310,57.48,-1.36
2018-01-11T01:50:00,1515635400,4.6,310,57.48,-1.36
2018-01-11T02:20:00,1515637200,5.1,310,57.48,-1.36
2018-01-11T02:20:00,1515637200,5.1,310,57.48,-1.36
2018-01-11T02:20:00,1515637200,5.1,310,57.48,-1.36
2018-01-11T02:20:00,1515637200,5.1,310,57.48,-1.36
2018-01-11T02:50:00,1515639000,4.6,310,57.48,-1.36
2018-01-11T02:50:00,1515639000,4.6,310,57.48,-1.36
2018-01-11T02:50:00,1515639000,4.6,310,57.48,-1.36
2018-01-11T02:50:00,1515639000,4.6,310,57.48,-1.36
2018-01-11T03:20:00,1515640800,4.6,310,57.48,-1.36
2018-01-11T03:20:00,1515640800,4.6,310,57.48,-1.36
2018-01-11T03:20:00,1515640800,4.6,310,57.48,-1.36
2018-01-11T03:20:00,1515640800,4.6,310,57.48,-1.36
2018-01-11T03:50:00,1515642600,6.7,300,57.48,-1.36
2018-01-11T03:50:00,1515642600,6.7,300,57.48,-1.36
2018-01-11T03:50:00,1515642600,6.7,300,57.48,-1.36
2018-01-11T03:50:00,1515642600,6.7,300,57.48,-1.36
2018-01-11T04:20:00,1515644400,6.2,300,57.48,-1.36
2018-01-11T04:20:00,1515644400,6.2,300,57.48,-1.36
2018-01-11T04:20:00,1515644400,6.2,300,57.48,-1.36
2018-01-11T04:50:00,1515646200,5.7,310,57.48,-1.36
2018-01-11T04:50:00,1515646200,5.7,310,57.48,-1.36
2018-01-11T04:50:00,1515646200,5.7,310,57.48,-1.36
2018-01-11T05:20:00,1515648000,5.7,310,57.48,-1.36
2018-01-11T05:20:00,1515648000,5.7,310,57.48,-1.36
2018-01-11T05:20:00,1515648000,5.7,310,57.48,-1.36
2018-01-11T05:20:00,1515648000,5.7,310,57.48,-1.36
2018-01-11T05:20:00,1515648000,5.7,310,57.48,-1.36
2018-01-11T05:50:00,1515649800,5.7,300,57.48,-1.36
2018-01-11T05:50:00,1515649800,5.7,300,57.48,-1.36
2018-01-11T05:50:00,1515649800,5.7,300,57.48,-1.36
2018-01-11T06:20:00,1515651600,6.2,310,57.48,-1.36
2018-01-11T06:20:00,1515651600,6.2,310,57.48,-1.36
2018-01-11T06:20:00,1515651600,6.2,310,57.48,-1.36
2018-01-11T06:50:00,1515653400,4.6,310,57.48,-1.36
2018-01-11T06:50:00,1515653400,4.6,310,57.48,-1.36
2018-01-11T06:50:00,1515653400,4.6,310,57.48,-1.36
2018-01-11T06:50:00,1515653400,4.6,310,57.48,-1.36
2018-01-11T07:20:00,1515655200,5.1,310,57.48,-1.36
2018-01-11T07:20:00,1515655200,5.1,310,57.48,-1.36
2018-01-11T07:20:00,1515655200,5.1,310,57.48,-1.36
2018-01-11T07:50:00,1515657000,5.1,310,57.48,-1.36
2018-01-11T07:50:00,1515657000,5.1,310,57.48,-1.36
2018-01-11T07:50:00,1515657000,5.1,310,57.48,-1.36
2018-01-11T07:50:00,1515657000,5.1,310,57.48,-1.36
2018-01-11T08:20:00,1515658800,5.1,310,57.48,-1.36
2018-01-11T08:20:00,1515658800,5.1,310,57.48,-1.36
2018-01-11T08:20:00,1515658800,5.1,310,57.48,-1.36
2018-01-11T08:50:00,1515660600,4.6,310,57.48,-1.36
2018-01-11T08:50:00,1515660600,4.6,310,57.48,-1.36
2018-01-11T08:50:00,1515660600,4.6,310,57.48,-1.36
2018-01-11T08:50:00,1515660600,4.6,310,57.48,-1.36
2018-01-11T08:50:00,1515660600,4.6,310,57.48,-1.36
2018-01-11T09:20:00,1515662400,5.1,310,57.48,-1.36
2018-01-11T09:20:00,1515662400,5.1,310,57.48,-1.36
2018-01-11T09:50:00,1515664200,4.6,310,57.48,-1.36
2018-01-11T09:50:00,1515664200,4.6,310,57.48,-1.36
2018-01-11T09:50:00,1515664200,4.6,310,57.48,-1.36
2018-01-11T09:50:00,1515664200,4.6,310,57.48,-1.36
2018-01-11T10:20:00,1515666000,5.1,310,57.48,-1.36
2018-01-11T10:20:00,1515666000,5.1,310,57.48,-1.36
2018-01-11T10:20:00,1515666000,5.1,310,57.48,-1.36
