2018-01-05T21:20:00,1515187200,4.1,360,57.5,-1.79
2018-01-05T21:50:00,1515189000,4.1,350,57.5,-1.79
2018-01-05T21:50:00,1515189000,4.1,350,57.5,-1.79
2018-01-05T21:50:00,1515189000,4.1,350,57.5,-1.79
2018-01-05T21:50:00,1515189000,4.1,350,57.5,-1.79
2018-01-05T21:50:00,1515189000,4.1,350,57.5,-1.79
2018-01-05T22:20:00,1515190800,2.1,330,57.5,-1.79
2018-01-05T22:20:00,1515190800,2.1,330,57.5,-1.79
2018-01-05T22:50:00,1515192600,4.1,340,57.5,-1.79
2018-01-05T22:50:00,1515192600,4.1,340,57.5,-1.79
2018-01-05T22:50:00,1515192600,4.1,340,57.5,-1.79
2018-01-05T22:50:00,1515192600,4.1,340,57.5,-1.79
2018-01-05T22:50:00,1515192600,4.1,340,57.5,-1.79
2018-01-05T23:20:00,1515194400,2.6,360,57.5,-1.79
2018-01-05T23:20:00,1515194400,2.6,360,57.5,-1.79
2018-01-05T23:50:00,1515196200,3.6,340,57.5,-1.79
2018-01-05T23:50:00,1515196200,3.6,340,57.5,-1.79
2018-01-05T23:50:00,1515196200,3.6,340,57.5,-1.79
2018-01-05T23:50:00,1515196200,3.6,340,57.5,-1.79
2018-01-06T00:20:00,1515198000,4.1,340,57.5,-1.79
2018-01-06T00:20:00,1515198000,4.1,340,57.5,-1.79
2018-01-06T00:20:00,1515198000,4.1,340,57.5,-1.79
2018-01-06T00:20:00,1515198000,4.1,340,57.5,-1.79
2018-01-06T00:50:00,1515199800,4.1,360,57.5,-1.79
2018-01-06T00:50:00,1515199800,4.1,360,57.5,-1.79
2018-01-06T00:50:00,1515199800,4.1,360,57.5,-1.79
2018-01-06T01:20:00,1515201600,4.6,360,57.5,-1.79
2018-01-06T01:20:00,1515201600,4.6,360,57.5,-1.79
2018-01-06T01:20:00,1515201600,4.6,360,57.5,-1.79
2018-01-06T01:20:00,1515201600,4.6,360,57.5,-1.79
2018-01-06T01:50:00,1515203400,3.1,10,57.5,-1.79
2018-01-06T01:50:00,1515203400,3.1,10,57.5,-1.79
2018-01-06T01:50:00,1515203400,3.1,10,57.5,-1.79
2018-01-06T01:50:00,1515203400,3.1,10,57.5,-1.79
2018-01-06T02:20:00,1515205200,3.1,360,57.5,-1.79
2018-01-06T02:20:00,1515205200,3.1,360,57.5,-1.79
2018-01-06T02:20:00,1515205200,3.1,360,57.5,-1.79
2018-01-06T02:20:00,1515205200,3.1,360,57.5,-1.79
2018-01-06T02:50:00,1515207000,5.1,30,57.5,-1.79
2018-01-06T02:50:00,1515207000,5.1,30,57.5,-1.79
2018-01-06T02:50:00,1515207000,5.1,30,57.5,-1.79
2018-01-06T03:20:00,1515208800,3.6,350,57.5,-1.79
2018-01-06T03:20:00,1515208800,3.6,350,57.5,-1.79
2018-01-06T03:20:00,1515208800,3.6,350,57.5,-1.79
2018-01-06T03:50:00,1515210600,3.6,350,57.5,-1.79
2018-01-06T03:50:00,1515210600,3.6,350,57.5,-1.79
2018-01-06T03:50:00,1515210600,3.6,350,57.5,-1.79
2018-01-06T03:50:00,1515210600,3.6,350,57.5,-1.79
2018-01-06T03:50:00,1515210600,3.6,350,57.5,-1.79
2018-01-06T04:20:00,1515212400,4.6,360,57.5,-1.79
2018-01-06T04:20:00,1515212400,4.6,360,57.5,-1.79
2018-01-06T04:50:00,1515214200,6.2,360,57.5,-1.79
2018-01-06T04:50:00,1515214200,6.2,360,57.5,-1.79
2018-01-06T04:50:00,1515214200,6.2,360,57.5,-1.79
2018-01-06T04:50:00,1515214200,6.2,360,57.5,-1.79
2018-01-06T04:50:00,1515214200,6.2,360,57.5,-1.79
2018-01-06T05:20:00,1515216000,4.1,350,57.5,-1.79
2018-01-06T05:20:00,1515216000,4.1,350,57.5,-1.79
2018-01-06T05:20:00,1515216000,4.1,350,57.5,-1.79
2018-01-06T05:50:00,1515217800,5.1,340,57.5,-1.79
2018-01-06T05:50:00,1515217800,5.1,340,57.5,-1.79
2018-01-06T05:50:00,1515217800,5.1,340,57.5,-1.79
2018-01-06T05:50:00,1515217800,5.1,340,57.5,-1.79
2018-01-06T06:20:00,1515219600,5.7,350,57.5,-1.79
2018-01-06T06:20:00,1515219600,5.7,350,57.5,-1.79
2018-01-06T06:20:00,1515219600,5.7,350,57.5,-1.79
2018-01-06T06:20:00,1515219600,5.7,350,57.5,-1.79
2018-01-06T06:50:00,1515221400,5.7,340,57.5,-1.79
2018-01-06T06:50:00,1515221400,5.7,340,57.5,-1.79
2018-01-06T07:20:00,1515223200,6.2,340,57.5,-1.79
2018-01-06T07:20:00,1515223200,6.2,340,57.5,-1.79
2018-01-06T07:20:00,1515223200,6.2,340,57.5,-1.79
2018-01-06T07:20:00,1515223200,6.2,340,57.5,-1.79
2018-01-06T07:50:00,1515225000,5.1,340,57.5,-1.79
2018-01-06T07:50:00,1515225000,5.1,340,57.5,-1.79
2018-01-06T07:50:00,1515225000,5.1,340,57.5,-1.79
2018-01-06T07:50:00,1515225000,5.1,340,57.5,-1.79
2018-01-06T07:50:00,1515225000,5.1,340,57.5,-1.79
2018-01-06T08:20:00,1515226800,4.6,330,57.5,-1.79
2018-01-06T08:20:00,1515226800,4.6,330,57.5,-1.79
2018-01-06T08:50:00,1515228600,4.6,340,57.5,-1.79
2018-01-06T08:50:00,1515228600,4.6,340,57.5,-1.79
2018-01-06T08:50:00,1515228600,4.6,340,57.5,-1.79
2018-01-06T08:50:00,1515228600,4.6,340,57.5,-1.79
2018-01-06T09:20:00,1515230400,5.1,350,57.5,-1.79
2018-01-06T09:20:00,1515230400,5.1,350,57.5,-1.79
2018-01-06T09:20:00,1515230400,5.1,350,57.5,-1.79
2018-01-06T09:50:00,1515232200,5.1,340,57.5,-1.79
2018-01-06T09:50:00,1515232200,5.1,340,57.5,-1.79
2018-01-06T09:50:00,1515232200,5.1,340,57.5,-1.79
2018-01-06T09:50:00,1515232200,5.1,340,57.5,-1.79
2018-01-06T09:50:00,1515232200,5.1,340,57.5,-1.79
2018-01-06T10:20:00,1515234000,5.1,330,57.5,-1.79
2018-01-06T10:20:00,1515234000,5.1,330,57.5,-1.79
2018-01-06T10:20:00,1515234000,5.1,330,57.5,-1.79
2018-01-06T10:50:00,1515235800,5.1,330,57.5,-1.79
2018-01-06T10:50:00,1515235800,5.1,330,57.5,-1.79
2018-01-06T10:50:00,1515235800,5.1,330,57.5,-1.79
2018-01-06T11:20:00,1515237600,5.1,340,57.5,-1.79
2018-01-06T11:20:00,1515237600,5.1,340,57.5,-1.79
2018-01-06T11:20:00,1515237600,5.1,340,57.5,-1.79
2018-01-06T11:20:00,1515237600,5.1,340,57.5,-1.79
2018-01-06T11:50:00,1515239400,4.1,340,57.5,-1.79
2018-01-06T11:50:00,1515239400,4.1,340,57.5,-1.79
2018-01-06T11:50:00,1515239400,4.1,340,57.5,-1.79
2018-01-06T12:20:00,1515241200,5.1,340,57.5,-1.79
2018-01-06T12:20:00,1515241200,5.1,340,57.5,-1.79
2018-01-06T12:20:00,1515241200,5.1,340,57.5,-1.79
2018-01-06T12:20:00,1515241200,5.1,340,57.5,-1.79
2018-01-06T12:50:00,1515243000,4.6,350,57.5,-1.79
2018-01-06T12:50:00,1515243000,4.6,350,57.5,-1.79
2018-01-06T12:50:00,1515243000,4.6,350,57.5,-1.79
2018-01-06T12:50:00,1515243000,4.6,350,57.5,-1.79
2018-01-06T13:20:00,1515244800,4.1,350,57.5,-1.79
2018-01-06T13:20:00,1515244800,4.1,350,57.5,-1.79
2018-01-06T13:20:00,1515244800,4.1,350,57.5,-1.79
2018-01-06T13:50:00,1515246600,4.1,340,57.5,-1.79
2018-01-06T13:50:00,1515246600,4.1,340,57.5,-1.79
2018-01-06T13:50:00,1515246600,4.1,340,57.5,-1.79
2018-01-06T13:50:00,1515246600,4.1,340,57.5,-1.79
2018-01-06T14:20:00,1515248400,4.6,340,57.5,-1.79
2018-01-06T14:20:00,1515248400,4.6,340,57.5,-1.79
2018-01-06T14:20:00,1515248400,4.6,340,57.5,-1.79
2018-01-06T14:50:00,1515250200,4.6,350,57.5,-1.79
2018-01-06T14:50:00,1515250200,4.6,350,57.5,-1.79
2018-01-06T14:50:00,1515250200,4.6,350,57.5,-1.79
2018-01-06T14:50:00,1515250200,4.6,350,57.5,-1.79
2018-01-06T15:20:00,1515252000,5.1,340,57.5,-1.79
2018-01-06T15:20:00,1515252000,5.1,340,57.5,-1.79
2018-01-06T15:20:00,1515252000,5.1,340,57.5,-1.79
2018-01-06T15:20:00,1515252000,5.1,340,57.5,-1.79
2018-01-06T15:50:00,1515253800,3.6,340,57.5,-1.79
2018-01-06T15:50:00,1515253800,3.6,340,57.5,-1.79
2018-01-06T15:50:00,1515253800,3.6,340,57.5,-1.79
2018-01-06T16:20:00,1515255600,4.1,340,57.5,-1.79
2018-01-06T16:20:00,1515255600,4.1,340,57.5,-1.79
2018-01-06T16:20:00,1515255600,4.1,340,57.5,-1.79
2018-01-06T16:20:00,1515255600,4.1,340,57.5,-1.79
2018-01-06T16:50:00,1515257400,3.6,340,57.5,-1.79
2018-01-06T16:50:00,1515257400,3.6,340,57.5,-1.79
2018-01-06T16:50:00,1515257400,3.6,340,57.5,-1.79
2018-01-06T17:20:00,1515259200,3.6,340,57.5,-1.79
2018-01-06T17:20:00,1515259200,3.6,340,57.5,-1.79
2018-01-06T17:20:00,1515259200,3.6,340,57.5,-1.79
2018-01-06T17:20:00,1515259200,3.6,340,57.5,-1.79
2018-01-06T17:50:00,1515261000,4.1,340,57.5,-1.79
2018-01-06T17:50:00,1515261000,4.1,340,57.5,-1.79
2018-01-06T17:50:00,1515261000,4.1,340,57.5,-1.79
2018-01-06T17:50:00,1515261000,4.1,340,57.5,-1.79
2018-01-06T17:50:00,1515261000,4.1,340,57.5,-1.79
2018-01-06T18:20:00,1515262800,4.1,350,57.5,-1.79
2018-01-06T18:20:00,1515262800,4.1,350,57.5,-1.79
2018-01-06T18:50:00,1515264600,2.6,360,57.5,-1.79
2018-01-06T18:50:00,1515264600,2.6,360,57.5,-1.79
2018-01-06T18:50:00,1515264600,2.6,360,57.5,-1.79
2018-01-06T18:50:00,1515264600,2.6,360,57.5,-1.79
2018-01-06T19:20:00,1515266400,2.1,350,57.5,-1.79
2018-01-06T19:20:00,1515266400,2.1,350,57.5,-1.79
2018-01-06T19:20:00,1515266400,2.1,350,57.5,-1.79
2018-01-06T19:50:00,1515268200,1,,57.5,-1.79
2018-01-06T19:50:00,1515268200,1,,57.5,-1.79
2018-01-06T19:50:00,1515268200,1,,57.5,-1.79
2018-01-06T19:50:00,1515268200,1,,57.5,-1.79
2018-01-06T19:50:00,1515268200,1,,57.5,-1.79
2018-01-06T20:20:00,1515270000,3.1,290,57.5,-1.79
2018-01-06T20:20:00,1515270000,3.1,290,57.5,-1.79
2018-01-06T20:20:00,1515270000,3.1,290,57.5,-1.79
2018-01-06T20:20:00,1515270000,3.1,290,57.5,-1.79
2018-01-06T20:50:00,1515271800,1.5,20,57.5,-1.79
2018-01-06T20:50:00,1515271800,1.5,20,57.5,-1.79
2018-01-06T21:20:00,1515273600,1,,57.5,-1.79
2018-01-06T21:20:00,1515273600,1,,57.5,-1.79
2018-01-06T21:20:00,1515273600,1,,57.5,-1.79
2018-01-06T21:20:00,1515273600,1,,57.5,-1.79
2018-01-06T21:50:00,1515275400,3.1,300,57.5,-1.79
2018-01-06T21:50:00,1515275400,3.1,300,57.5,-1.79
2018-01-06T21:50:00,1515275400,3.1,300,57.5,-1.79
2018-01-06T21:50:00,1515275400,3.1,300,57.5,-1.79
2018-01-06T22:20:00,1515277200,2.6,300,57.5,-1.79
2018-01-06T22:20:00,1515277200,2.6,300,57.5,-1.79
2018-01-06T22:20:00,1515277200,2.6,300,57.5,-1.79
2018-01-06T22:50:00,1515279000,2.6,310,57.5,-1.79
2018-01-06T22:50:00,1515279000,2.6,310,57.5,-1.79
2018-01-06T22:50:00,1515279000,2.6,310,57.5,-1.79
2018-01-06T22:50:00,1515279000,2.6,310,57.5,-1.79
2018-01-06T23:20:00,1515280800,1,,57.5,-1.79
2018-01-06T23:20:00,1515280800,1,,57.5,-1.79
2018-01-06T23:20:00,1515280800,1,,57.5,-1.79
2018-01-06T23:50:00,1515282600,0.5,,57.5,-1.79
2018-01-06T23:50:00,1515282600,0.5,,57.5,-1.79
2018-01-06T23:50:00,1515282600,0.5,,57.5,-1.79
2018-01-06T23:50:00,1515282600,0.5,,57.5,-1.79
2018-01-07T00:20:00,1515284400,1.5,,57.5,-1.79
2018-01-07T00:20:00,1515284400,1.5,,57.5,-1.79
2018-01-07T00:20:00,1515284400,1.5,,57.5,-1.79
2018-01-07T00:50:00,1515286200,1,,57.5,-1.79
2018-01-07T00:50:00,1515286200,1,,57.5,-1.79
2018-01-07T00:50:00,1515286200,1,,57.5,-1.79
2018-01-07T00:50:00,1515286200,1,,57.5,-1.79
2018-01-07T01:20:00,1515288000,0.5,,57.5,-1.79
2018-01-07T01:20:00,1515288000,0.5,,57.5,-1.79
2018-01-07T01:20:00,1515288000,0.5,,57.5,-1.79
2018-01-07T01:20:00,1515288000,0.5,,57.5,-1.79
2018-01-07T01:50:00,1515289800,0.5,,57.5,-1.79
2018-01-07T01:50:00,1515289800,0.5,,57.5,-1.79
2018-01-07T01:50:00,1515289800,0.5,,57.5,-1.79
2018-01-07T02:20:00,1515291600,0.5,,57.5,-1.79
2018-01-07T02:20:00,1515291600,0.5,,57.5,-1.79
2018-01-07T02:20:00,1515291600,0.5,,57.5,-1.79
2018-01-07T02:20:00,1515291600,0.5,,57.5,-1.79
2018-01-07T02:20:00,1515291600,0.5,,57.5,-1.79
2018-01-07T02:50:00,1515293400,0.5,30,57.5,-1.79
2018-01-07T02:50:00,1515293400,0.5,30,57.5,-1.79
2018-01-07T02:50:00,1515293400,0.5,30,57.5,-1.79
2018-01-07T03:20:00,1515295200,1,10,57.5,-1.79
2018-01-07T03:20:00,1515295200,1,10,57.5,-1.79
2018-01-07T03:20:00,1515295200,1,10,57.5,-1.79
2018-01-07T03:50:00,1515297000,1,360,57.5,-1.79
2018-01-07T03:50:00,1515297000,1,360,57.5,-1.79
2018-01-07T03:50:00,1515297000,1,360,57.5,-1.79
2018-01-07T03:50:00,1515297000,1,360,57.5,-1.79
2018-01-07T04:20:00,1515298800,1,,57.5,-1.79
2018-01-07T04:20:00,1515298800,1,,57.5,-1.79
2018-01-07T04:20:00,1515298800,1,,57.5,-1.79
2018-01-07T04:50:00,1515300600,0.5,,57.5,-1.79
2018-01-07T04:50:00,1515300600,0.5,,57.5,-1.79
2018-01-07T04:50:00,1515300600,0.5,,57.5,-1.79
2018-01-07T04:50:00,1515300600,0.5,,57.5,-1.79
2018-01-07T04:50:00,1515300600,0.5,,57.5,-1.79
2018-01-07T05:20:00,1515302400,0.5,20,57.5,-1.79
2018-01-07T05:20:00,1515302400,0.5,20,57.5,-1.79
2018-01-07T05:20:00,1515302400,0.5,20,57.5,-1.79
2018-01-07T05:50:00,1515304200,0.5,,57.5,-1.79
2018-01-07T05:50:00,1515304200,0.5,,57.5,-1.79
2018-01-07T05:50:00,1515304200,0.5,,57.5,-1.79
2018-01-07T06:20:00,1515306000,0.5,20,57.5,-1.79
2018-01-07T06:20:00,1515306000,0.5,20,57.5,-1.79
2018-01-07T06:20:00,1515306000,0.5,20,57.5,-1.79
2018-01-07T06:20:00,1515306000,0.5,20,57.5,-1.79
2018-01-07T06:20:00,1515306000,0.5,20,57.5,-1.79
2018-01-07T06:50:00,1515307800,0.5,,57.5,-1.79
2018-01-07T06:50:00,1515307800,0.5,,57.5,-1.79
2018-01-07T07:20:00,1515309600,1.5,360,57.5,-1.79
2018-01-07T07:20:00,1515309600,1.5,360,57.5,-1.79
2018-01-07T07:20:00,1515309600,1.5,360,57.5,-1.79
2018-01-07T07:20:00,1515309600,1.5,360,57.5,-1.79
2018-01-07T07:50:00,1515311400,1.5,,57.5,-1.79
2018-01-07T07:50:00,1515311400,1.5,,57.5,-1.79
2018-01-07T07:50:00,1515311400,1.5,,57.5,-1.79
2018-01-07T07:50:00,1515311400,1.5,,57.5,-1.79
2018-01-07T08:20:00,1515313200,1,,57.5,-1.79
2018-01-07T08:20:00,1515313200,1,,57.5,-1.79
2018-01-07T08:20:00,1515313200,1,,57.5,-1.79
2018-01-07T08:50:00,1515315000,1,,57.5,-1.79
2018-01-07T08:50:00,1515315000,1,,57.5,-1.79
2018-01-07T08:50:00,1515315000,1,,57.5,-1.79
2018-01-07T08:50:00,1515315000,1,,57.5,-1.79
2018-01-07T09:20:00,1515316800,1,,57.5,-1.79
2018-01-07T09:20:00,1515316800,1,,57.5,-1.79
2018-01-07T09:20:00,1515316800,1,,57.5,-1.79
2018-01-07T09:50:00,1515318600,1,,57.5,-1.79
2018-01-07T09:50:00,1515318600,1,,57.5,-1.79
2018-01-07T09:50:00,1515318600,1,,57.5,-1.79
2018-01-07T09:50:00,1515318600,1,,57.5,-1.79
2018-01-07T10:20:00,1515320400,2.1,260,57.5,-1.79
2018-01-07T10:20:00,1515320400,2.1,260,57.5,-1.79
2018-01-07T10:20:00,1515320400,2.1,260,57.5,-1.79
2018-01-07T10:50:00,1515322200,2.6,250,57.5,-1.79
2018-01-07T10:50:00,1515322200,2.6,250,57.5,-1.79
2018-01-07T10:50:00,1515322200,2.6,250,57.5,-1.79
2018-01-07T10:50:00,1515322200,2.6,250,57.5,-1.79
2018-01-07T11:20:00,1515324000,1.5,,57.5,-1.79
2018-01-07T11:20:00,1515324000,1.5,,57.5,-1.79
2018-01-07T11:20:00,1515324000,1.5,,57.5,-1.79
2018-01-07T11:20:00,1515324000,1.5,,57.5,-1.79
2018-01-07T11:50:00,1515325800,3.6,230,57.5,-1.79
2018-01-07T11:50:00,1515325800,3.6,230,57.5,-1.79
2018-01-07T11:50:00,1515325800,3.6,230,57.5,-1.79
2018-01-07T12:20:00,1515327600,3.1,240,57.5,-1.79
2018-01-07T12:20:00,1515327600,3.1,240,57.5,-1.79
2018-01-07T12:20:00,1515327600,3.1,240,57.5,-1.79
2018-01-07T12:20:00,1515327600,3.1,240,57.5,-1.79
2018-01-07T12:50:00,1515329400,4.6,220,57.5,-1.79
2018-01-07T12:50:00,1515329400,4.6,220,57.5,-1.79
2018-01-07T12:50:00,1515329400,4.6,220,57.5,-1.79
2018-01-07T13:20:00,1515331200,3.1,220,57.5,-1.79
2018-01-07T13:20:00,1515331200,3.1,220,57.5,-1.79
2018-01-07T13:20:00,1515331200,3.1,220,57.5,-1.79
2018-01-07T13:20:00,1515331200,3.1,220,57.5,-1.79
2018-01-07T13:50:00,1515333000,2.6,240,57.5,-1.79
2018-01-07T13:50:00,1515333000,2.6,240,57.5,-1.79
2018-01-07T13:50:00,1515333000,2.6,240,57.5,-1.79
2018-01-07T13:50:00,1515333000,2.6,240,57.5,-1.79
2018-01-07T14:20:00,1515334800,2.6,210,57.5,-1.79
2018-01-07T14:20:00,1515334800,2.6,210,57.5,-1.79
2018-01-07T14:20:00,1515334800,2.6,210,57.5,-1.79
2018-01-07T14:50:00,1515336600,2.6,230,57.5,-1.79
2018-01-07T14:50:00,1515336600,2.6,230,57.5,-1.79
2018-01-07T14:50:00,1515336600,2.6,230,57.5,-1.79
2018-01-07T14:50:00,1515336600,2.6,230,57.5,-1.79
2018-01-07T15:20:00,1515338400,2.1,220,57.5,-1.79
2018-01-07T15:20:00,1515338400,2.1,220,57.5,-1.79
2018-01-07T15:20:00,1515338400,2.1,220,57.5,-1.79
2018-01-07T15:50:00,1515340200,1.5,250,57.5,-1.79
2018-01-07T15:50:00,1515340200,1.5,250,57.5,-1.79
2018-01-07T15:50:00,1515340200,1.5,250,57.5,-1.79
2018-01-07T15:50:00,1515340200,1.5,250,57.5,-1.79
2018-01-07T15:50:00,1515340200,1.5,250,57.5,-1.79
2018-01-07T16:20:00,1515342000,2.1,220,57.5,-1.79
2018-01-07T16:20:00,1515342000,2.1,220,57.5,-1.79
2018-01-07T16:20:00,1515342000,2.1,220,57.5,-1.79
2018-01-07T16:50:00,1515343800,1,,57.5,-1.79
2018-01-07T16:50:00,1515343800,1,,57.5,-1.79
2018-01-07T16:50:00,1515343800,1,,57.5,-1.79
2018-01-07T16:50:00,1515343800,1,,57.5,-1.79
2018-01-07T17:20:00,1515345600,1,190,57.5,-1.79
2018-01-07T17:20:00,1515345600,1,190,57.5,-1.79
2018-01-07T17:20:00,1515345600,1,190,57.5,-1.79
2018-01-07T17:50:00,1515347400,0.5,,57.5,-1.79
2018-01-07T17:50:00,1515347400,0.5,,57.5,-1.79
2018-01-07T17:50:00,1515347400,0.5,,57.5,-1.79
2018-01-07T17:50:00,1515347400,0.5,,57.5,-1.79
2018-01-07T18:20:00,1515349200,0.5,,57.5,-1.79
2018-01-07T18:20:00,1515349200,0.5,,57.5,-1.79
2018-01-07T18:20:00,1515349200,0.5,,57.5,-1.79
2018-01-07T18:50:00,1515351000,0.5,,57.5,-1.79
2018-01-07T18:50:00,1515351000,0.5,,57.5,-1.79
2018-01-07T18:50:00,1515351000,0.5,,57.5,-1.79
2018-01-07T18:50:00,1515351000,0.5,,57.5,-1.79
2018-01-07T19:20:00,1515352800,0.5,,57.5,-1.79
2018-01-07T19:20:00,1515352800,0.5,,57.5,-1.79
2018-01-07T19:20:00,1515352800,0.5,,57.5,-1.79
2018-01-07T19:50:00,1515354600,1,,57.5,-1.79
2018-01-07T19:50:00,1515354600,1,,57.5,-1.79
2018-01-07T19:50:00,1515354600,1,,57.5,-1.79
2018-01-07T19:50:00,1515354600,1,,57.5,-1.79
2018-01-07T19:50:00,1515354600,1,,57.5,-1.79
2018-01-07T20:20:00,1515356400,0.5,,57.5,-1.79
2018-01-07T20:20:00,1515356400,0.5,,57.5,-1.79
2018-01-07T20:20:00,1515356400,0.5,,57.5,-1.79
2018-01-07T20:50:00,1515358200,3.6,186,57.5,-1.79
2018-01-07T20:50:00,1515358200,3.6,186,57.5,-1.79
2018-01-07T20:50:00,1515358200,3.6,186,57.5,-1.79
2018-01-07T21:20:00,1515360000,0.5,,57.5,-1.79
2018-01-07T21:20:00,1515360000,0.5,,57.5,-1.79
2018-01-07T21:20:00,1515360000,0.5,,57.5,-1.79
2018-01-07T21:20:00,1515360000,0.5,,57.5,-1.79
2018-01-07T21:50:00,1515361800,1,,57.5,-1.79
2018-01-07T21:50:00,1515361800,1,,57.5,-1.79
2018-01-07T21:50:00,1515361800,1,,57.5,-1.79
2018-01-07T22:20:00,1515363600,0.5,,57.5,-1.79
2018-01-07T22:20:00,1515363600,0.5,,57.5,-1.79
2018-01-07T22:20:00,1515363600,0.5,,57.5,-1.79
2018-01-07T22:20:00,1515363600,0.5,,57.5,-1.79
2018-01-07T22:50:00,1515365400,2.1,160,57.5,-1.79
2018-01-07T22:50:00,1515365400,2.1,160,57.5,-1.79
2018-01-07T22:50:00,1515365400,2.1,160,57.5,-1.79
2018-01-07T23:20:00,1515367200,1.5,170,57.5,-1.79
2018-01-07T23:20:00,1515367200,1.5,170,57.5,-1.79
2018-01-07T23:20:00,1515367200,1.5,170,57.5,-1.79
2018-01-07T23:20:00,1515367200,1.5,170,57.5,-1.79
2018-01-07T23:50:00,1515369000,1.5,200,57.5,-1.79
2018-01-07T23:50:00,1515369000,1.5,200,57.5,-1.79
2018-01-07T23:50:00,1515369000,1.5,200,57.5,-1.79
2018-01-07T23:50:00,1515369000,1.5,200,57.5,-1.79
2018-01-08T00:20:00,1515370800,3.6,180,57.5,-1.79
2018-01-08T00:20:00,1515370800,3.6,180,57.5,-1.79
2018-01-08T00:20:00,1515370800,3.6,180,57.5,-1.79
2018-01-08T00:50:00,1515372600,3.6,170,57.5,-1.79
2018-01-08T00:50:00,1515372600,3.6,170,57.5,-1.79
2018-01-08T00:50:00,1515372600,3.6,170,57.5,-1.79
2018-01-08T00:50:00,1515372600,3.6,170,57.5,-1.79
2018-01-08T01:20:00,1515374400,4.6,190,57.5,-1.79
2018-01-08T01:20:00,1515374400,4.6,190,57.5,-1.79
2018-01-08T01:20:00,1515374400,4.6,190,57.5,-1.79
2018-01-08T01:20:00,1515374400,4.6,190,57.5,-1.79
2018-01-08T01:50:00,1515376200,4.6,180,57.5,-1.79
2018-01-08T01:50:00,1515376200,4.6,180,57.5,-1.79
2018-01-08T01:50:00,1515376200,4.6,180,57.5,-1.79
2018-01-08T01:50:00,1515376200,4.6,180,57.5,-1.79
2018-01-08T02:20:00,1515378000,2.1,190,57.5,-1.79
2018-01-08T02:20:00,1515378000,2.1,190,57.5,-1.79
2018-01-08T02:20:00,1515378000,2.1,190,57.5,-1.79
2018-01-08T02:50:00,1515379800,2.1,210,57.5,-1.79
2018-01-08T02:50:00,1515379800,2.1,210,57.5,-1.79
2018-01-08T02:50:00,1515379800,2.1,210,57.5,-1.79
2018-01-08T03:20:00,1515381600,3.1,190,57.5,-1.79
2018-01-08T03:20:00,1515381600,3.1,190,57.5,-1.79
2018-01-08T03:20:00,1515381600,3.1,190,57.5,-1.79
2018-01-08T03:20:00,1515381600,3.1,190,57.5,-1.79
2018-01-08T03:20:00,1515381600,3.1,190,57.5,-1.79
2018-01-08T03:50:00,1515383400,3.1,170,57.5,-1.79
2018-01-08T03:50:00,1515383400,3.1,170,57.5,-1.79
2018-01-08T03:50:00,1515383400,3.1,170,57.5,-1.79
2018-01-08T04:20:00,1515385200,4.6,190,57.5,-1.79
2018-01-08T04:20:00,1515385200,4.6,190,57.5,-1.79
2018-01-08T04:20:00,1515385200,4.6,190,57.5,-1.79
2018-01-08T04:20:00,1515385200,4.6,190,57.5,-1.79
2018-01-08T04:50:00,1515387000,2.1,220,57.5,-1.79
2018-01-08T04:50:00,1515387000,2.1,220,57.5,-1.79
2018-01-08T04:50:00,1515387000,2.1,220,57.5,-1.79
2018-01-08T05:20:00,1515388800,2.6,210,57.5,-1.79
2018-01-08T05:20:00,1515388800,2.6,210,57.5,-1.79
2018-01-08T05:20:00,1515388800,2.6,210,57.5,-1.79
2018-01-08T05:50:00,1515390600,4.1,200,57.5,-1.79
2018-01-08T05:50:00,1515390600,4.1,200,57.5,-1.79
2018-01-08T05:50:00,1515390600,4.1,200,57.5,-1.79
2018-01-08T05:50:00,1515390600,4.1,200,57.5,-1.79
2018-01-08T06:20:00,1515392400,4.6,190,57.5,-1.79
2018-01-08T06:20:00,1515392400,4.6,190,57.5,-1.79
2018-01-08T06:20:00,1515392400,4.6,190,57.5,-1.79
2018-01-08T06:50:00,1515394200,4.1,200,57.5,-1.79
2018-01-08T06:50:00,1515394200,4.1,200,57.5,-1.79
2018-01-08T06:50:00,1515394200,4.1,200,57.5,-1.79
2018-01-08T06:50:00,1515394200,4.1,200,57.5,-1.79
2018-01-08T06:50:00,1515394200,4.1,200,57.5,-1.79
2018-01-08T07:20:00,1515396000,3.6,190,57.5,-1.79
2018-01-08T07:20:00,1515396000,3.6,190,57.5,-1.79
2018-01-08T07:20:00,1515396000,3.6,190,57.5,-1.79
2018-01-08T07:50:00,1515397800,4.1,200,57.5,-1.79
2018-01-08T07:50:00,1515397800,4.1,200,57.5,-1.79
2018-01-08T07:50:00,1515397800,4.1,200,57.5,-1.79
2018-01-08T08:20:00,1515399600,3.6,190,57.5,-1.79
2018-01-08T08:20:00,1515399600,3.6,190,57.5,-1.79
2018-01-08T08:20:00,1515399600,3.6,190,57.5,-1.79
2018-01-08T08:20:00,1515399600,3.6,190,57.5,-1.79
2018-01-08T08:50:00,1515401400,3.1,180,57.5,-1.79
2018-01-08T08:50:00,1515401400,3.1,180,57.5,-1.79
2018-01-08T08:50:00,1515401400,3.1,180,57.5,-1.79
2018-01-08T08:50:00,1515401400,3.1,180,57.5,-1.79
2018-01-08T09:20:00,1515403200,3.6,190,57.5,-1.79
2018-01-08T09:20:00,1515403200,3.6,190,57.5,-1.79
2018-01-08T09:20:00,1515403200,3.6,190,57.5,-1.79
2018-01-08T09:50:00,1515405000,3.1,180,57.5,-1.79
2018-01-08T09:50:00,1515405000,3.1,180,57.5,-1.79
2018-01-08T09:50:00,1515405000,3.1,180,57.5,-1.79
2018-01-08T09:50:00,1515405000,3.1,180,57.5,-1.79
2018-01-08T10:20:00,1515406800,3.1,190,57.5,-1.79
2018-01-08T10:20:00,1515406800,3.1,190,57.5,-1.79
2018-01-08T10:20:00,1515406800,3.1,190,57.5,-1.79
2018-01-08T10:50:00,1515408600,1.5,180,57.5,-1.79
2018-01-08T10:50:00,1515408600,1.5,180,57.5,-1.79
2018-01-08T10:50:00,1515408600,1.5,180,57.5,-1.79
2018-01-08T10:50:00,1515408600,1.5,180,57.5,-1.79
2018-01-08T10:50:00,1515408600,1.5,180,57.5,-1.79
2018-01-08T11:20:00,1515410400,2.6,180,57.5,-1.79
2018-01-08T11:20:00,1515410400,2.6,180,57.5,-1.79
2018-01-08T11:20:00,1515410400,2.6,180,57.5,-1.79
2018-01-08T11:50:00,1515412200,4.1,170,57.5,-1.79
2018-01-08T11:50:00,1515412200,4.1,170,57.5,-1.79
2018-01-08T11:50:00,1515412200,4.1,170,57.5,-1.79
2018-01-08T12:20:00,1515414000,6.2,160,57.5,-1.79
2018-01-08T12:20:00,1515414000,6.2,160,57.5,-1.79
2018-01-08T12:20:00,1515414000,6.2,160,57.5,-1.79
2018-01-08T12:20:00,1515414000,6.2,160,57.5,-1.79
2018-01-08T12:20:00,1515414000,6.2,160,57.5,-1.79
2018-01-08T12:50:00,1515415800,6.7,160,57.5,-1.79
2018-01-08T12:50:00,1515415800,6.7,160,57.5,-1.79
2018-01-08T13:20:00,1515417600,6.7,160,57.5,-1.79
2018-01-08T13:20:00,1515417600,6.7,160,57.5,-1.79
2018-01-08T13:20:00,1515417600,6.7,160,57.5,-1.79
2018-01-08T13:20:00,1515417600,6.7,160,57.5,-1.79
2018-01-08T13:20:00,1515417600,6.7,160,57.5,-1.79
2018-01-08T13:50:00,1515419400,6.7,160,57.5,-1.79
2018-01-08T13:50:00,1515419400,6.7,160,57.5,-1.79
2018-01-08T13:50:00,1515419400,6.7,160,57.5,-1.79
2018-01-08T14:20:00,1515421200,5.7,160,57.5,-1.79
2018-01-08T14:20:00,1515421200,5.7,160,57.5,-1.79
2018-01-08T14:20:00,1515421200,5.7,160,57.5,-1.79
2018-01-08T14:50:00,1515423000,6.7,150,57.5,-1.79
2018-01-08T14:50:00,1515423000,6.7,150,57.5,-1.79
2018-01-08T14:50:00,1515423000,6.7,150,57.5,-1.79
2018-01-08T14:50:00,1515423000,6.7,150,57.5,-1.79
2018-01-08T15:20:00,1515424800,5.7,160,57.5,-1.79
2018-01-08T15:20:00,1515424800,5.7,160,57.5,-1.79
2018-01-08T15:20:00,1515424800,5.7,160,57.5,-1.79
2018-01-08T15:50:00,1515426600,5.7,150,57.5,-1.79
2018-01-08T15:50:00,1515426600,5.7,150,57.5,-1.79
2018-01-08T15:50:00,1515426600,5.7,150,57.5,-1.79
2018-01-08T15:50:00,1515426600,5.7,150,57.5,-1.79
2018-01-08T15:50:00,1515426600,5.7,150,57.5,-1.79
2018-01-08T16:20:00,1515428400,5.7,150,57.5,-1.79
2018-01-08T16:20:00,1515428400,5.7,150,57.5,-1.79
2018-01-08T16:20:00,1515428400,5.7,150,57.5,-1.79
2018-01-08T16:50:00,1515430200,5.7,150,57.5,-1.79
2018-01-08T16:50:00,1515430200,5.7,150,57.5,-1.79
2018-01-08T16:50:00,1515430200,5.7,150,57.5,-1.79
2018-01-08T17:20:00,1515432000,6.7,150,57.5,-1.79
2018-01-08T17:20:00,1515432000,6.7,150,57.5,-1.79
2018-01-08T17:20:00,1515432000,6.7,150,57.5,-1.79
2018-01-08T17:20:00,1515432000,6.7,150,57.5,-1.79
2018-01-08T17:20:00,1515432000,6.7,150,57.5,-1.79
2018-01-08T17:50:00,1515433800,6.7,160,57.5,-1.79
2018-01-08T17:50:00,1515433800,6.7,160,57.5,-1.79
2018-01-08T18:20:00,1515435600,8.2,150,57.5,-1.79
2018-01-08T18:20:00,1515435600,8.2,150,57.5,-1.79
2018-01-08T18:20:00,1515435600,8.2,150,57.5,-1.79
2018-01-08T18:20:00,1515435600,8.2,150,57.5,-1.79
2018-01-08T18:20:00,1515435600,8.2,150,57.5,-1.79
2018-01-08T18:50:00,1515437400,7.7,150,57.5,-1.79
2018-01-08T18:50:00,1515437400,7.7,150,57.5,-1.79
2018-01-08T19:20:00,1515439200,7.7,150,57.5,-1.79
2018-01-08T19:20:00,1515439200,7.7,150,57.5,-1.79
2018-01-08T19:20:00,1515439200,7.7,150,57.5,-1.79
2018-01-08T19:20:00,1515439200,7.7,150,57.5,-1.79
2018-01-08T19:20:00,1515439200,7.7,150,57.5,-1.79
2018-01-08T19:50:00,1515441000,8.2,150,57.5,-1.79
2018-01-08T19:50:00,1515441000,8.2,150,57.5,-1.79
2018-01-08T19:50:00,1515441000,8.2,150,57.5,-1.79
2018-01-08T20:20:00,1515442800,8.2,150,57.5,-1.79
2018-01-08T20:20:00,1515442800,8.2,150,57.5,-1.79
2018-01-08T20:20:00,1515442800,8.2,150,57.5,-1.79
2018-01-08T20:50:00,1515444600,6.7,140,57.5,-1.79
2018-01-08T20:50:00,1515444600,6.7,140,57.5,-1.79
2018-01-08T20:50:00,1515444600,6.7,140,57.5,-1.79
2018-01-08T20:50:00,1515444600,6.7,140,57.5,-1.79
2018-01-08T21:20:00,1515446400,8.7,150,57.5,-1.79
2018-01-08T21:20:00,1515446400,8.7,150,57.5,-1.79
2018-01-08T21:20:00,1515446400,8.7,150,57.5,-1.79
2018-01-08T21:50:00,1515448200,8.2,150,57.5,-1.79
2018-01-08T21:50:00,1515448200,8.2,150,57.5,-1.79
2018-01-08T21:50:00,1515448200,8.2,150,57.5,-1.79
2018-01-08T21:50:00,1515448200,8.2,150,57.5,-1.79
2018-01-08T22:20:00,1515450000,7.2,150,57.5,-1.79
2018-01-08T22:20:00,1515450000,7.2,150,57.5,-1.79
2018-01-08T22:20:00,1515450000,7.2,150,57.5,-1.79
2018-01-08T22:20:00,1515450000,7.2,150,57.5,-1.79
2018-01-08T22:50:00,1515451800,7.2,150,57.5,-1.79
2018-01-08T22:50:00,1515451800,7.2,150,57.5,-1.79
2018-01-08T22:50:00,1515451800,7.2,150,57.5,-1.79
2018-01-08T23:20:00,1515453600,7.2,150,57.5,-1.79
2018-01-08T23:20:00,1515453600,7.2,150,57.5,-1.79
2018-01-08T23:20:00,1515453600,7.2,150,57.5,-1.79
2018-01-08T23:20:00,1515453600,7.2,150,57.5,-1.79
2018-01-08T23:20:00,1515453600,7.2,150,57.5,-1.79
2018-01-08T23:50:00,1515455400,6.2,150,57.5,-1.79
2018-01-08T23:50:00,1515455400,6.2,150,57.5,-1.79
2018-01-09T00:20:00,1515457200,5.7,150,57.5,-1.79
2018-01-09T00:20:00,1515457200,5.7,150,57.5,-1.79
2018-01-09T00:20:00,1515457200,5.7,150,57.5,-1.79
2018-01-09T00:20:00,1515457200,5.7,150,57.5,-1.79
2018-01-09T00:50:00,1515459000,6.7,150,57.5,-1.79
2018-01-09T00:50:00,1515459000,6.7,150,57.5,-1.79
2018-01-09T00:50:00,1515459000,6.7,150,57.5,-1.79
2018-01-09T00:50:00,1515459000,6.7,150,57.5,-1.79
2018-01-09T01:20:00,1515460800,4.6,150,57.5,-1.79
2018-01-09T01:20:00,1515460800,4.6,150,57.5,-1.79
2018-01-09T01:20:00,1515460800,4.6,150,57.5,-1.79
2018-01-09T01:50:00,1515462600,5.1,150,57.5,-1.79
2018-01-09T01:50:00,1515462600,5.1,150,57.5,-1.79
2018-01-09T01:50:00,1515462600,5.1,150,57.5,-1.79
2018-01-09T01:50:00,1515462600,5.1,150,57.5,-1.79
2018-01-09T02:20:00,1515464400,5.7,150,57.5,-1.79
2018-01-09T02:20:00,1515464400,5.7,150,57.5,-1.79
2018-01-09T02:20:00,1515464400,5.7,150,57.5,-1.79
2018-01-09T02:50:00,1515466200,5.1,150,57.5,-1.79
2018-01-09T02:50:00,1515466200,5.1,150,57.5,-1.79
2018-01-09T02:50:00,1515466200,5.1,150,57.5,-1.79
2018-01-09T02:50:00,1515466200,5.1,150,57.5,-1.79
2018-01-09T02:50:00,1515466200,5.1,150,57.5,-1.79
2018-01-09T03:20:00,1515468000,7.2,150,57.5,-1.79
2018-01-09T03:20:00,1515468000,7.2,150,57.5,-1.79
2018-01-09T03:20:00,1515468000,7.2,150,57.5,-1.79
2018-01-09T03:50:00,1515469800,5.1,150,57.5,-1.79
2018-01-09T03:50:00,1515469800,5.1,150,57.5,-1.79
2018-01-09T03:50:00,1515469800,5.1,150,57.5,-1.79
2018-01-09T04:20:00,1515471600,7.2,150,57.5,-1.79
2018-01-09T04:20:00,1515471600,7.2,150,57.5,-1.79
2018-01-09T04:20:00,1515471600,7.2,150,57.5,-1.79
2018-01-09T04:20:00,1515471600,7.2,150,57.5,-1.79
2018-01-09T04:50:00,1515473400,5.7,150,57.5,-1.79
2018-01-09T04:50:00,1515473400,5.7,150,57.5,-1.79
2018-01-09T04:50:00,1515473400,5.7,150,57.5,-1.79
2018-01-09T04:50:00,1515473400,5.7,150,57.5,-1.79
2018-01-09T05:20:00,1515475200,6.2,150,57.5,-1.79
2018-01-09T05:20:00,1515475200,6.2,150,57.5,-1.79
2018-01-09T05:20:00,1515475200,6.2,150,57.5,-1.79
2018-01-09T05:50:00,1515477000,4.6,150,57.5,-1.79
2018-01-09T05:50:00,1515477000,4.6,150,57.5,-1.79
2018-01-09T05:50:00,1515477000,4.6,150,57.5,-1.79
2018-01-09T05:50:00,1515477000,4.6,150,57.5,-1.79
2018-01-09T05:50:00,1515477000,4.6,150,57.5,-1.79
2018-01-09T06:20:00,1515478800,6.7,150,57.5,-1.79
2018-01-09T06:20:00,1515478800,6.7,150,57.5,-1.79
2018-01-09T06:20:00,1515478800,6.7,150,57.5,-1.79
2018-01-09T06:50:00,1515480600,6.2,150,57.5,-1.79
2018-01-09T06:50:00,1515480600,6.2,150,57.5,-1.79
2018-01-09T06:50:00,1515480600,6.2,150,57.5,-1.79
2018-01-09T07:20:00,1515482400,7.2,150,57.5,-1.79
2018-01-09T07:20:00,1515482400,7.2,150,57.5,-1.79
2018-01-09T07:20:00,1515482400,7.2,150,57.5,-1.79
2018-01-09T07:50:00,1515484200,6.2,150,57.5,-1.79
2018-01-09T07:50:00,1515484200,6.2,150,57.5,-1.79
2018-01-09T07:50:00,1515484200,6.2,150,57.5,-1.79
2018-01-09T07:50:00,1515484200,6.2,150,57.5,-1.79
2018-01-09T08:20:00,1515486000,6.7,150,57.5,-1.79
2018-01-09T08:20:00,1515486000,6.7,150,57.5,-1.79
2018-01-09T08:20:00,1515486000,6.7,150,57.5,-1.79
2018-01-09T08:20:00,1515486000,6.7,150,57.5,-1.79
2018-01-09T08:50:00,1515487800,7.7,150,57.5,-1.79
2018-01-09T08:50:00,1515487800,7.7,150,57.5,-1.79
2018-01-09T08:50:00,1515487800,7.7,150,57.5,-1.79
2018-01-09T09:20:00,1515489600,6.2,150,57.5,-1.79
2018-01-09T09:20:00,1515489600,6.2,150,57.5,-1.79
2018-01-09T09:20:00,1515489600,6.2,150,57.5,-1.79
2018-01-09T09:20:00,1515489600,6.2,150,57.5,-1.79
2018-01-09T09:50:00,1515491400,6.2,140,57.5,-1.79
2018-01-09T09:50:00,1515491400,6.2,140,57.5,-1.79
2018-01-09T09:50:00,1515491400,6.2,140,57.5,-1.79
2018-01-09T10:20:00,1515493200,6.7,150,57.5,-1.79
2018-01-09T10:20:00,1515493200,6.7,150,57.5,-1.79
2018-01-09T10:20:00,1515493200,6.7,150,57.5,-1.79
2018-01-09T10:20:00,1515493200,6.7,150,57.5,-1.79
2018-01-09T10:20:00,1515493200,6.7,150,57.5,-1.79
2018-01-09T10:50:00,1515495000,6.2,140,57.5,-1.79
2018-01-09T10:50:00,1515495000,6.2,140,57.5,-1.79
2018-01-09T10:50:00,1515495000,6.2,140,57.5,-1.79
2018-01-09T11:20:00,1515496800,6.7,150,57.5,-1.79
2018-01-09T11:20:00,1515496800,6.7,150,57.5,-1.79
2018-01-09T11:20:00,1515496800,6.7,150,57.5,-1.79
2018-01-09T11:50:00,1515498600,6.2,140,57.5,-1.79
2018-01-09T11:50:00,1515498600,6.2,140,57.5,-1.79
2018-01-09T11:50:00,1515498600,6.2,140,57.5,-1.79
2018-01-09T11:50:00,1515498600,6.2,140,57.5,-1.79
2018-01-09T12:20:00,1515500400,5.7,150,57.5,-1.79
2018-01-09T12:20:00,1515500400,5.7,150,57.5,-1.79
2018-01-09T12:20:00,1515500400,5.7,150,57.5,-1.79
2018-01-09T12:50:00,1515502200,5.1,140,57.5,-1.79
2018-01-09T12:50:00,1515502200,5.1,140,57.5,-1.79
2018-01-09T12:50:00,1515502200,5.1,140,57.5,-1.79
2018-01-09T12:50:00,1515502200,5.1,140,57.5,-1.79
2018-01-09T13:20:00,1515504000,4.6,140,57.5,-1.79
2018-01-09T13:20:00,1515504000,4.6,140,57.5,-1.79
2018-01-09T13:20:00,1515504000,4.6,140,57.5,-1.79
2018-01-09T13:50:00,1515505800,6.2,140,57.5,-1.79
2018-01-09T13:50:00,1515505800,6.2,140,57.5,-1.79
2018-01-09T13:50:00,1515505800,6.2,140,57.5,-1.79
2018-01-09T13:50:00,1515505800,6.2,140,57.5,-1.79
2018-01-09T14:20:00,1515507600,5.7,140,57.5,-1.79
2018-01-09T14:20:00,1515507600,5.7,140,57.5,-1.79
2018-01-09T14:20:00,1515507600,5.7,140,57.5,-1.79
2018-01-09T14:20:00,1515507600,5.7,140,57.5,-1.79
2018-01-09T14:50:00,1515509400,6.7,130,57.5,-1.79
2018-01-09T14:50:00,1515509400,6.7,130,57.5,-1.79
2018-01-09T14:50:00,1515509400,6.7,130,57.5,-1.79
2018-01-09T15:20:00,1515511200,5.7,130,57.5,-1.79
2018-01-09T15:20:00,1515511200,5.7,130,57.5,-1.79
2018-01-09T15:20:00,1515511200,5.7,130,57.5,-1.79
2018-01-09T15:20:00,1515511200,5.7,130,57.5,-1.79
2018-01-09T15:50:00,1515513000,5.7,130,57.5,-1.79
2018-01-09T15:50:00,1515513000,5.7,130,57.5,-1.79
2018-01-09T15:50:00,1515513000,5.7,130,57.5,-1.79
2018-01-09T15:50:00,1515513000,5.7,130,57.5,-1.79
2018-01-09T16:20:00,1515514800,6.7,140,57.5,-1.79
2018-01-09T16:20:00,1515514800,6.7,140,57.5,-1.79
2018-01-09T16:20:00,1515514800,6.7,140,57.5,-1.79
2018-01-09T16:50:00,1515516600,5.7,150,57.5,-1.79
2018-01-09T16:50:00,1515516600,5.7,150,57.5,-1.79
2018-01-09T16:50:00,1515516600,5.7,150,57.5,-1.79
2018-01-09T16:50:00,1515516600,5.7,150,57.5,-1.79
2018-01-09T17:20:00,1515518400,5.1,140,57.5,-1.79
2018-01-09T17:20:00,1515518400,5.1,140,57.5,-1.79
2018-01-09T17:20:00,1515518400,5.1,140,57.5,-1.79
2018-01-09T17:50:00,1515520200,6.2,130,57.5,-1.79
2018-01-09T17:50:00,1515520200,6.2,130,57.5,-1.79
2018-01-09T17:50:00,1515520200,6.2,130,57.5,-1.79
2018-01-09T17:50:00,1515520200,6.2,130,57.5,-1.79
2018-01-09T18:20:00,1515522000,6.2,130,57.5,-1.79
2018-01-09T18:20:00,1515522000,6.2,130,57.5,-1.79
2018-01-09T18:20:00,1515522000,6.2,130,57.5,-1.79
2018-01-09T18:20:00,1515522000,6.2,130,57.5,-1.79
2018-01-09T18:50:00,1515523800,5.1,140,57.5,-1.79
2018-01-09T18:50:00,1515523800,5.1,140,57.5,-1.79
2018-01-09T18:50:00,1515523800,5.1,140,57.5,-1.79
2018-01-09T19:20:00,1515525600,5.7,140,57.5,-1.79
2018-01-09T19:20:00,1515525600,5.7,140,57.5,-1.79
2018-01-09T19:20:00,1515525600,5.7,140,57.5,-1.79
2018-01-09T19:20:00,1515525600,5.7,140,57.5,-1.79
2018-01-09T19:50:00,1515527400,7.2,150,57.5,-1.79
2018-01-09T19:50:00,1515527400,7.2,150,57.5,-1.79
2018-01-09T19:50:00,1515527400,7.2,150,57.5,-1.79
2018-01-09T19:50:00,1515527400,7.2,150,57.5,-1.79
2018-01-09T20:20:00,1515529200,7.7,150,57.5,-1.79
2018-01-09T20:20:00,1515529200,7.7,150,57.5,-1.79
2018-01-09T20:20:00,1515529200,7.7,150,57.5,-1.79
2018-01-09T20:50:00,1515531000,6.2,140,57.5,-1.79
2018-01-09T20:50:00,1515531000,6.2,140,57.5,-1.79
2018-01-09T20:50:00,1515531000,6.2,140,57.5,-1.79
2018-01-09T21:20:00,1515532800,6.7,150,57.5,-1.79
2018-01-09T21:20:00,1515532800,6.7,150,57.5,-1.79
2018-01-09T21:20:00,1515532800,6.7,150,57.5,-1.79
2018-01-09T21:20:00,1515532800,6.7,150,57.5,-1.79
2018-01-09T21:20:00,1515532800,6.7,150,57.5,-1.79
2018-01-09T21:50:00,1515534600,6.7,150,57.5,-1.79
2018-01-09T21:50:00,1515534600,6.7,150,57.5,-1.79
2018-01-09T21:50:00,1515534600,6.7,150,57.5,-1.79
2018-01-09T21:50:00,1515534600,6.7,150,57.5,-1.79
2018-01-09T22:20:00,1515536400,5.7,140,57.5,-1.79
2018-01-09T22:20:00,1515536400,5.7,140,57.5,-1.79
2018-01-09T22:50:00,1515538200,5.7,140,57.5,-1.79
2018-01-09T22:50:00,1515538200,5.7,140,57.5,-1.79
2018-01-09T22:50:00,1515538200,5.7,140,57.5,-1.79
2018-01-09T22:50:00,1515538200,5.7,140,57.5,-1.79
2018-01-09T23:20:00,1515540000,6.7,150,57.5,-1.79
2018-01-09T23:20:00,1515540000,6.7,150,57.5,-1.79
2018-01-09T23:20:00,1515540000,6.7,150,57.5,-1.79
2018-01-09T23:20:00,1515540000,6.7,150,57.5,-1.79
2018-01-09T23:50:00,1515541800,5.7,140,57.5,-1.79
2018-01-09T23:50:00,1515541800,5.7,140,57.5,-1.79
2018-01-09T23:50:00,1515541800,5.7,140,57.5,-1.79
2018-01-10T00:20:00,1515543600,4.6,140,57.5,-1.79
2018-01-10T00:20:00,1515543600,4.6,140,57.5,-1.79
2018-01-10T00:20:00,1515543600,4.6,140,57.5,-1.79
2018-01-10T00:20:00,1515543600,4.6,140,57.5,-1.79
2018-01-10T00:20:00,1515543600,4.6,140,57.5,-1.79
2018-01-10T00:50:00,1515545400,7.2,160,57.5,-1.79
2018-01-10T00:50:00,1515545400,7.2,160,57.5,-1.79
2018-01-10T00:50:00,1515545400,7.2,160,57.5,-1.79
2018-01-10T01:20:00,1515547200,7.2,160,57.5,-1.79
2018-01-10T01:20:00,1515547200,7.2,160,57.5,-1.79
2018-01-10T01:20:00,1515547200,7.2,160,57.5,-1.79
2018-01-10T01:50:00,1515549000,6.2,150,57.5,-1.79
2018-01-10T01:50:00,1515549000,6.2,150,57.5,-1.79
2018-01-10T01:50:00,1515549000,6.2,150,57.5,-1.79
2018-01-10T02:20:00,1515550800,5.1,160,57.5,-1.79
2018-01-10T02:20:00,1515550800,5.1,160,57.5,-1.79
2018-01-10T02:20:00,1515550800,5.1,160,57.5,-1.79
2018-01-10T02:20:00,1515550800,5.1,160,57.5,-1.79
2018-01-10T02:50:00,1515552600,6.2,180,57.5,-1.79
2018-01-10T02:50:00,1515552600,6.2,180,57.5,-1.79
2018-01-10T02:50:00,1515552600,6.2,180,57.5,-1.79
2018-01-10T02:50:00,1515552600,6.2,180,57.5,-1.79
2018-01-10T02:50:00,1515552600,6.2,180,57.5,-1.79
2018-01-10T03:20:00,1515554400,3.6,180,57.5,-1.79
2018-01-10T03:20:00,1515554400,3.6,180,57.5,-1.79
2018-01-10T03:50:00,1515556200,3.1,180,57.5,-1.79
2018-01-10T03:50:00,1515556200,3.1,180,57.5,-1.79
2018-01-10T03:50:00,1515556200,3.1,180,57.5,-1.79
2018-01-10T03:50:00,1515556200,3.1,180,57.5,-1.79
2018-01-10T04:20:00,1515558000,1.5,150,57.5,-1.79
2018-01-10T04:20:00,1515558000,1.5,150,57.5,-1.79
2018-01-10T04:20:00,1515558000,1.5,150,57.5,-1.79
2018-01-10T04:20:00,1515558000,1.5,150,57.5,-1.79
2018-01-10T04:50:00,1515559800,3.6,150,57.5,-1.79
2018-01-10T04:50:00,1515559800,3.6,150,57.5,-1.79
2018-01-10T04:50:00,1515559800,3.6,150,57.5,-1.79
2018-01-10T05:20:00,1515561600,4.1,160,57.5,-1.79
2018-01-10T05:20:00,1515561600,4.1,160,57.5,-1.79
2018-01-10T05:20:00,1515561600,4.1,160,57.5,-1.79
2018-01-10T05:20:00,1515561600,4.1,160,57.5,-1.79
2018-01-10T05:20:00,1515561600,4.1,160,57.5,-1.79
2018-01-10T05:50:00,1515563400,4.1,170,57.5,-1.79
2018-01-10T05:50:00,1515563400,4.1,170,57.5,-1.79
2018-01-10T05:50:00,1515563400,4.1,170,57.5,-1.79
2018-01-10T06:20:00,1515565200,3.6,160,57.5,-1.79
2018-01-10T06:20:00,1515565200,3.6,160,57.5,-1.79
2018-01-10T06:20:00,1515565200,3.6,160,57.5,-1.79
2018-01-10T06:50:00,1515567000,3.1,160,57.5,-1.79
2018-01-10T06:50:00,1515567000,3.1,160,57.5,-1.79
2018-01-10T06:50:00,1515567000,3.1,160,57.5,-1.79
2018-01-10T07:20:00,1515568800,3.6,170,57.5,-1.79
2018-01-10T07:20:00,1515568800,3.6,170,57.5,-1.79
2018-01-10T07:20:00,1515568800,3.6,170,57.5,-1.79
2018-01-10T07:20:00,1515568800,3.6,170,57.5,-1.79
2018-01-10T07:50:00,1515570600,2.6,150,57.5,-1.79
2018-01-10T07:50:00,1515570600,2.6,150,57.5,-1.79
2018-01-10T07:50:00,1515570600,2.6,150,57.5,-1.79
2018-01-10T07:50:00,1515570600,2.6,150,57.5,-1.79
2018-01-10T08:20:00,1515572400,2.6,150,57.5,-1.79
2018-01-10T08:20:00,1515572400,2.6,150,57.5,-1.79
2018-01-10T08:20:00,1515572400,2.6,150,57.5,-1.79
2018-01-10T08:50:00,1515574200,2.1,160,57.5,-1.79
2018-01-10T08:50:00,1515574200,2.1,160,57.5,-1.79
2018-01-10T08:50:00,1515574200,2.1,160,57.5,-1.79
2018-01-10T08:50:00,1515574200,2.1,160,57.5,-1.79
2018-01-10T08:50:00,1515574200,2.1,160,57.5,-1.79
2018-01-10T09:20:00,1515576000,2.1,160,57.5,-1.79
2018-01-10T09:20:00,1515576000,2.1,160,57.5,-1.79
2018-01-10T09:20:00,1515576000,2.1,160,57.5,-1.79
2018-01-10T09:50:00,1515577800,2.1,200,57.5,-1.79
2018-01-10T09:50:00,1515577800,2.1,200,57.5,-1.79
2018-01-10T09:50:00,1515577800,2.1,200,57.5,-1.79
2018-01-10T10:20:00,1515579600,1.5,,57.5,-1.79
2018-01-10T10:20:00,1515579600,1.5,,57.5,-1.79
2018-01-10T10:20:00,1515579600,1.5,,57.5,-1.79
2018-01-10T10:20:00,1515579600,1.5,,57.5,-1.79
2018-01-10T10:20:00,1515579600,1.5,,57.5,-1.79
2018-01-10T10:50:00,1515581400,1.5,,57.5,-1.79
2018-01-10T10:50:00,1515581400,1.5,,57.5,-1.79
2018-01-10T11:20:00,1515583200,1.5,,57.5,-1.79
2018-01-10T11:20:00,1515583200,1.5,,57.5,-1.79
2018-01-10T11:20:00,1515583200,1.5,,57.5,-1.79
2018-01-10T11:20:00,1515583200,1.5,,57.5,-1.79
2018-01-10T11:50:00,1515585000,2.1,40,57.5,-1.79
2018-01-10T11:50:00,1515585000,2.1,40,57.5,-1.79
2018-01-10T11:50:00,1515585000,2.1,40,57.5,-1.79
2018-01-10T11:50:00,1515585000,2.1,40,57.5,-1.79
2018-01-10T12:20:00,1515586800,2.1,330,57.5,-1.79
2018-01-10T12:20:00,1515586800,2.1,330,57.5,-1.79
2018-01-10T12:20:00,1515586800,2.1,330,57.5,-1.79
2018-01-10T12:50:00,1515588600,2.1,310,57.5,-1.79
2018-01-10T12:50:00,1515588600,2.1,310,57.5,-1.79
2018-01-10T12:50:00,1515588600,2.1,310,57.5,-1.79
2018-01-10T12:50:00,1515588600,2.1,310,57.5,-1.79
2018-01-10T13:20:00,1515590400,2.1,320,57.5,-1.79
2018-01-10T13:20:00,1515590400,2.1,320,57.5,-1.79
2018-01-10T13:20:00,1515590400,2.1,320,57.5,-1.79
2018-01-10T13:20:00,1515590400,2.1,320,57.5,-1.79
2018-01-10T13:50:00,1515592200,2.1,320,57.5,-1.79
2018-01-10T13:50:00,1515592200,2.1,320,57.5,-1.79
2018-01-10T13:50:00,1515592200,2.1,320,57.5,-1.79
2018-01-10T13:50:00,1515592200,2.1,320,57.5,-1.79
2018-01-10T14:20:00,1515594000,1.5,,57.5,-1.79
2018-01-10T14:20:00,1515594000,1.5,,57.5,-1.79
2018-01-10T14:20:00,1515594000,1.5,,57.5,-1.79
2018-01-10T14:50:00,1515595800,2.6,320,57.5,-1.79
2018-01-10T14:50:00,1515595800,2.6,320,57.5,-1.79
2018-01-10T14:50:00,1515595800,2.6,320,57.5,-1.79
2018-01-10T15:20:00,1515597600,3.1,300,57.5,-1.79
2018-01-10T15:20:00,1515597600,3.1,300,57.5,-1.79
2018-01-10T15:20:00,1515597600,3.1,300,57.5,-1.79
2018-01-10T15:20:00,1515597600,3.1,300,57.5,-1.79
2018-01-10T15:50:00,1515599400,2.6,330,57.5,-1.79
2018-01-10T15:50:00,1515599400,2.6,330,57.5,-1.79
2018-01-10T15:50:00,1515599400,2.6,330,57.5,-1.79
2018-01-10T16:20:00,1515601200,3.1,310,57.5,-1.79
2018-01-10T16:20:00,1515601200,3.1,310,57.5,-1.79
2018-01-10T16:20:00,1515601200,3.1,310,57.5,-1.79
2018-01-10T16:20:00,1515601200,3.1,310,57.5,-1.79
2018-01-10T16:50:00,1515603000,3.6,310,57.5,-1.79
2018-01-10T16:50:00,1515603000,3.6,310,57.5,-1.79
2018-01-10T16:50:00,1515603000,3.6,310,57.5,-1.79
2018-01-10T17:20:00,1515604800,4.6,310,57.5,-1.79
2018-01-10T17:20:00,1515604800,4.6,310,57.5,-1.79
2018-01-10T17:20:00,1515604800,4.6,310,57.5,-1.79
2018-01-10T17:20:00,1515604800,4.6,310,57.5,-1.79
2018-01-10T17:50:00,1515606600,4.1,320,57.5,-1.79
2018-01-10T17:50:00,1515606600,4.1,320,57.5,-1.79
2018-01-10T17:50:00,1515606600,4.1,320,57.5,-1.79
2018-01-10T17:50:00,1515606600,4.1,320,57.5,-1.79
2018-01-10T18:20:00,1515608400,3.1,330,57.5,-1.79
2018-01-10T18:20:00,1515608400,3.1,330,57.5,-1.79
2018-01-10T18:20:00,1515608400,3.1,330,57.5,-1.79
2018-01-10T18:50:00,1515610200,3.1,330,57.5,-1.79
2018-01-10T18:50:00,1515610200,3.1,330,57.5,-1.79
2018-01-10T18:50:00,1515610200,3.1,330,57.5,-1.79
2018-01-10T18:50:00,1515610200,3.1,330,57.5,-1.79
2018-01-10T19:20:00,1515612000,3.1,320,57.5,-1.79
2018-01-10T19:20:00,1515612000,3.1,320,57.5,-1.79
2018-01-10T19:20:00,1515612000,3.1,320,57.5,-1.79
2018-01-10T19:50:00,1515613800,3.6,310,57.5,-1.79
2018-01-10T19:50:00,1515613800,3.6,310,57.5,-1.79
2018-01-10T19:50:00,1515613800,3.6,310,57.5,-1.79
2018-01-10T19:50:00,1515613800,3.6,310,57.5,-1.79
2018-01-10T19:50:00,1515613800,3.6,310,57.5,-1.79
2018-01-10T20:20:00,1515615600,3.1,320,57.5,-1.79
2018-01-10T20:20:00,1515615600,3.1,320,57.5,-1.79
2018-01-10T20:20:00,1515615600,3.1,320,57.5,-1.79
2018-01-10T20:20:00,1515615600,3.1,320,57.5,-1.79
2018-01-10T20:50:00,1515617400,3.6,320,57.5,-1.79
2018-01-10T20:50:00,1515617400,3.6,320,57.5,-1.79
2018-01-10T21:20:00,1515619200,4.6,310,57.5,-1.79
2018-01-10T21:20:00,1515619200,4.6,310,57.5,-1.79
2018-01-10T21:20:00,1515619200,4.6,310,57.5,-1.79
2018-01-10T21:20:00,1515619200,4.6,310,57.5,-1.79
2018-01-10T21:50:00,1515621000,3.6,330,57.5,-1.79
2018-01-10T21:50:00,1515621000,3.6,330,57.5,-1.79
2018-01-10T21:50:00,1515621000,3.6,330,57.5,-1.79
2018-01-10T22:20:00,1515622800,4.6,310,57.5,-1.79
2018-01-10T22:20:00,1515622800,4.6,310,57.5,-1.79
2018-01-10T22:20:00,1515622800,4.6,310,57.5,-1.79
2018-01-10T22:20:00,1515622800,4.6,310,57.5,-1.79
2018-01-10T22:50:00,1515624600,3.6,320,57.5,-1.79
2018-01-10T22:50:00,1515624600,3.6,320,57.5,-1.79
2018-01-10T22:50:00,1515624600,3.6,320,57.5,-1.79
2018-01-10T22:50:00,1515624600,3.6,320,57.5,-1.79
2018-01-10T23:20:00,1515626400,3.6,310,57.5,-1.79
2018-01-10T23:20:00,1515626400,3.6,310,57.5,-1.79
2018-01-10T23:20:00,1515626400,3.6,310,57.5,-1.79
2018-01-10T23:50:00,1515628200,2.1,340,57.5,-1.79
2018-01-10T23:50:00,1515628200,2.1,340,57.5,-1.79
2018-01-10T23:50:00,1515628200,2.1,340,57.5,-1.79
2018-01-10T23:50:00,1515628200,2.1,340,57.5,-1.79
2018-01-11T00:20:00,1515630000,2.6,320,57.5,-1.79
2018-01-11T00:20:00,1515630000,2.6,320,57.5,-1.79
2018-01-11T00:20:00,1515630000,2.6,320,57.5,-1.79
2018-01-11T00:50:00,1515631800,1,360,57.5,-1.79
2018-01-11T00:50:00,1515631800,1,360,57.5,-1.79
2018-01-11T00:50:00,1515631800,1,360,57.5,-1.79
2018-01-11T00:50:00,1515631800,1,360,57.5,-1.79
2018-01-11T01:20:00,1515633600,4.6,320,57.5,-1.79
2018-01-11T01:20:00,1515633600,4.6,320,57.5,-1.79
2018-01-11T01:20:00,1515633600,4.6,320,57.5,-1.79
2018-01-11T01:20:00,1515633600,4.6,320,57.5,-1.79
2018-01-11T01:50:00,1515635400,4.6,310,57.5,-1.79
2018-01-11T01:50:00,1515635400,4.6,310,57.5,-1.79
2018-01-11T01:50:00,1515635400,4.6,310,57.5,-1.79
2018-01-11T01:50:00,1515635400,4.6,310,57.5,-1.79
2018-01-11T02:20:00,1515637200,5.1,310,57.5,-1.79
2018-01-11T02:20:00,1515637200,5.1,310,57.5,-1.79
2018-01-11T02:20:00,1515637200,5.1,310,57.5,-1.79
2018-01-11T02:20:00,1515637200,5.1,310,57.5,-1.79
2018-01-11T02:50:00,1515639000,4.6,310,57.5,-1.79
2018-01-11T02:50:00,1515639000,4.6,310,57.5,-1.79
2018-01-11T03:20:00,1515640800,4.6,310,57.5,-1.79
2018-01-11T03:20:00,1515640800,4.6,310,57.5,-1.79
2018-01-11T03:20:00,1515640800,4.6,310,57.5,-1.79
2018-01-11T03:20:00,1515640800,4.6,310,57.5,-1.79
2018-01-11T03:20:00,1515640800,4.6,310,57.5,-1.79
2018-01-11T03:50:00,1515642600,6.7,300,57.5,-1.79
2018-01-11T03:50:00,1515642600,6.7,300,57.5,-1.79
2018-01-11T03:50:00,1515642600,6.7,300,57.5,-1.79
2018-01-11T04:20:00,1515644400,6.2,300,57.5,-1.79
2018-01-11T04:20:00,1515644400,6.2,300,57.5,-1.79
2018-01-11T04:20:00,1515644400,6.2,300,57.5,-1.79
2018-01-11T04:50:00,1515646200,5.7,310,57.5,-1.79
2018-01-11T04:50:00,1515646200,5.7,310,57.5,-1.79
2018-01-11T04:50:00,1515646200,5.7,310,57.5,-1.79
2018-01-11T04:50:00,1515646200,5.7,310,57.5,-1.79
2018-01-11T05:20:00,1515648000,5.7,310,57.5,-1.79
2018-01-11T05:20:00,1515648000,5.7,310,57.5,-1.79
2018-01-11T05:20:00,1515648000,5.7,310,57.5,-1.79
2018-01-11T05:50:00,1515649800,5.7,300,57.5,-1.79
2018-01-11T05:50:00,1515649800,5.7,300,57.5,-1.79
2018-01-11T05:50:00,1515649800,5.7,300,57.5,-1.79
2018-01-11T05:50:00,1515649800,5.7,300,57.5,-1.79
2018-01-11T06:20:00,1515651600,6.2,310,57.5,-1.79
2018-01-11T06:20:00,1515651600,6.2,310,57.5,-1.79
2018-01-11T06:20:00,1515651600,6.2,310,57.5,-1.79
2018-01-11T06:20:00,1515651600,6.2,310,57.5,-1.79
2018-01-11T06:20:00,1515651600,6.2,310,57.5,-1.79
2018-01-11T06:50:00,1515653400,4.6,310,57.5,-1.79
2018-01-11T06:50:00,1515653400,4.6,310,57.5,-1.79
2018-01-11T07:20:00,1515655200,5.1,310,57.5,-1.79
2018-01-11T07:20:00,1515655200,5.1,310,57.5,-1.79
2018-01-11T07:20:00,1515655200,5.1,310,57.5,-1.79
2018-01-11T07:20:00,1515655200,5.1,310,57.5,-1.79
2018-01-11T07:50:00,1515657000,5.1,310,57.5,-1.79
2018-01-11T07:50:00,1515657000,5.1,310,57.5,-1.79
2018-01-11T07:50:00,1515657000,5.1,310,57.5,-1.79
2018-01-11T08:20:00,1515658800,5.1,310,57.5,-1.79
2018-01-11T08:20:00,1515658800,5.1,310,57.5,-1.79
2018-01-11T08:20:00,1515658800,5.1,310,57.5,-1.79
2018-01-11T08:20:00,1515658800,5.1,310,57.5,-1.79
2018-01-11T08:50:00,1515660600,4.6,310,57.5,-1.79
2018-01-11T08:50:00,1515660600,4.6,310,57.5,-1.79
2018-01-11T08:50:00,1515660600,4.6,310,57.5,-1.79
2018-01-11T08:50:00,1515660600,4.6,310,57.5,-1.79
2018-01-11T09:20:00,1515662400,5.1,310,57.5,-1.79
2018-01-11T09:20:00,1515662400,5.1,310,57.5,-1.79
2018-01-11T09:20:00,1515662400,5.1,310,57.5,-1.79
2018-01-11T09:50:00,1515664200,4.6,310,57.5,-1.79
2018-01-11T09:50:00,1515664200,4.6,310,57.5,-1.79
2018-01-11T09:50:00,1515664200,4.6,310,57.5,-1.79
2018-01-11T09:50:00,1515664200,4.6,310,57.5,-1.79
2018-01-11T09:50:00,1515664200,4.6,310,57.5,-1.79
2018-01-11T10:20:00,1515666000,5.1,310,57.5,-1.79
2018-01-11T10:20:00,1515666000,5.1,310,57.5,-1.79
2018-01-11T10:50:00,1515667800,5.1,310,57.5,-1.79
2018-01-11T10:50:00,1515667800,5.1,310,57.5,-1.79
2018-01-11T10:50:00,1515667800,5.1,310,57.5,-1.79
2018-01-11T10:50:00,1515667800,5.1,310,57.5,-1.79
2018-01-11T10:50:00,1515667800,5.1,310,57.5,-1.79
2018-01-11T11:20:00,1515669600,4.1,320,57.5,-1.79
2018-01-11T11:20:00,1515669600,4.1,320,57.5,-1.79
2018-01-11T11:20:00,1515669600,4.1,320,57.5,-1.79
2018-01-11T11:20:00,1515669600,4.1,320,57.5,-1.79
2018-01-11T11:50:00,1515671400,4.1,310,57.5,-1.79
2018-01-11T11:50:00,1515671400,4.1,310,57.5,-1.79
2018-01-11T11:50:00,1515671400,4.1,310,57.5,-1.79
2018-01-11T12:20:00,1515673200,4.6,310,57.5,-1.79
2018-01-11T12:20:00,1515673200,4.6,310,57.5,-1.79
2018-01-11T12:20:00,1515673200,4.6,310,57.5,-1.79
2018-01-11T12:50:00,1515675000,3.6,330,57.5,-1.79
2018-01-11T12:50:00,1515675000,3.6,330,57.5,-1.79
2018-01-11T12:50:00,1515675000,3.6,330,57.5,-1.79
2018-01-11T13:20:00,1515676800,2.6,320,57.5,-1.79
2018-01-11T13:20:00,1515676800,2.6,320,57.5,-1.79
2018-01-11T13:20:00,1515676800,2.6,320,57.5,-1.79
2018-01-11T13:20:00,1515676800,2.6,320,57.5,-1.79
2018-01-11T13:50:00,1515678600,3.1,320,57.5,-1.79
2018-01-11T13:50:00,1515678600,3.1,320,57.5,-1.79
2018-01-11T13:50:00,1515678600,3.1,320,57.5,-1.79
2018-01-11T13:50:00,1515678600,3.1,320,57.5,-1.79
2018-01-11T14:20:00,1515680400,2.6,310,57.5,-1.79
2018-01-11T14:20:00,1515680400,2.6,310,57.5,-1.79
2018-01-11T14:20:00,1515680400,2.6,310,57.5,-1.79
2018-01-11T14:50:00,1515682200,3.1,310,57.5,-1.79
2018-01-11T14:50:00,1515682200,3.1,310,57.5,-1.79
2018-01-11T14:50:00,1515682200,3.1,310,57.5,-1.79
2018-01-11T14:50:00,1515682200,3.1,310,57.5,-1.79
2018-01-11T15:20:00,1515684000,2.6,320,57.5,-1.79
2018-01-11T15:20:00,1515684000,2.6,320,57.5,-1.79
2018-01-11T15:20:00,1515684000,2.6,320,57.5,-1.79
2018-01-11T15:50:00,1515685800,3.1,310,57.5,-1.79
2018-01-11T15:50:00,1515685800,3.1,310,57.5,-1.79
2018-01-11T15:50:00,1515685800,3.1,310,57.5,-1.79
2018-01-11T15:50:00,1515685800,3.1,310,57.5,-1.79
2018-01-11T16:20:00,1515687600,3.1,300,57.5,-1.79
2018-01-11T16:20:00,1515687600,3.1,300,57.5,-1.79
2018-01-11T16:20:00,1515687600,3.1,300,57.5,-1.79
2018-01-11T16:20:00,1515687600,3.1,300,57.5,-1.79
2018-01-11T16:20:00,1515687600,3.1,300,57.5,-1.79
2018-01-11T16:50:00,1515689400,1.5,,57.5,-1.79
2018-01-11T16:50:00,1515689400,1.5,,57.5,-1.79
2018-01-11T17:20:00,1515691200,2.1,340,57.5,-1.79
2018-01-11T17:20:00,1515691200,2.1,340,57.5,-1.79
2018-01-11T17:20:00,1515691200,2.1,340,57.5,-1.79
2018-01-11T17:20:00,1515691200,2.1,340,57.5,-1.79
2018-01-11T17:20:00,1515691200,2.1,340,57.5,-1.79
2018-01-11T17:50:00,1515693000,0.5,,57.5,-1.79
2018-01-11T17:50:00,1515693000,0.5,,57.5,-1.79
2018-01-11T18:20:00,1515694800,1,,57.5,-1.79
2018-01-11T18:20:00,1515694800,1,,57.5,-1.79
2018-01-11T18:20:00,1515694800,1,,57.5,-1.79
2018-01-11T18:20:00,1515694800,1,,57.5,-1.79
2018-01-11T18:20:00,1515694800,1,,57.5,-1.79
2018-01-11T18:50:00,1515696600,1,,57.5,-1.79
2018-01-11T18:50:00,1515696600,1,,57.5,-1.79
2018-01-11T18:50:00,1515696600,1,,57.5,-1.79
2018-01-11T19:20:00,1515698400,0.5,,57.5,-1.79
2018-01-11T19:20:00,1515698400,0.5,,57.5,-1.79
2018-01-11T19:20:00,1515698400,0.5,,57.5,-1.79
2018-01-11T19:50:00,1515700200,0.5,,57.5,-1.79
2018-01-11T19:50:00,1515700200,0.5,,57.5,-1.79
2018-01-11T19:50:00,1515700200,0.5,,57.5,-1.79
2018-01-11T19:50:00,1515700200,0.5,,57.5,-1.79
2018-01-11T20:20:00,1515702000,1,,57.5,-1.79
2018-01-11T20:20:00,1515702000,1,,57.5,-1.79
2018-01-11T20:20:00,1515702000,1,,57.5,-1.79
2018-01-11T20:50:00,1515703800,0.5,340,57.5,-1.79
2018-01-11T20:50:00,1515703800,0.5,340,57.5,-1.79
2018-01-11T20:50:00,1515703800,0.5,340,57.5,-1.79
2018-01-11T20:50:00,1515703800,0.5,340,57.5,-1.79
2018-01-11T21:20:00,1515705600,0.5,360,57.5,-1.79
2018-01-11T21:20:00,1515705600,0.5,360,57.5,-1.79
2018-01-11T21:20:00,1515705600,0.5,360,57.5,-1.79
2018-01-11T21:20:00,1515705600,0.5,360,57.5,-1.79
2018-01-11T21:20:00,1515705600,0.5,360,57.5,-1.79
2018-01-11T21:50:00,1515707400,0.5,,57.5,-1.79
2018-01-11T21:50:00,1515707400,0.5,,57.5,-1.79
2018-01-11T21:50:00,1515707400,0.5,,57.5,-1.79
2018-01-11T22:20:00,1515709200,0.5,,57.5,-1.79
2018-01-11T22:20:00,1515709200,0.5,,57.5,-1.79
2018-01-11T22:20:00,1515709200,0.5,,57.5,-1.79
2018-01-11T22:20:00,1515709200,0.5,,57.5,-1.79
2018-01-11T22:50:00,1515711000,1,320,57.5,-1.79
2018-01-11T22:50:00,1515711000,1,320,57.5,-1.79
2018-01-11T23:20:00,1515712800,0.5,,57.5,-1.79
2018-01-11T23:20:00,1515712800,0.5,,57.5,-1.79
2018-01-11T23:20:00,1515712800,0.5,,57.5,-1.79
2018-01-11T23:20:00,1515712800,0.5,,57.5,-1.79
2018-01-11T23:20:00,1515712800,0.5,,57.5,-1.79
2018-01-11T23:50:00,1515714600,0.5,,57.5,-1.79
2018-01-11T23:50:00,1515714600,0.5,,57.5,-1.79
2018-01-11T23:50:00,1515714600,0.5,,57.5,-1.79
2018-01-12T00:20:00,1515716400,1,30,57.5,-1.79
2018-01-12T00:20:00,1515716400,1,30,57.5,-1.79
2018-01-12T00:20:00,1515716400,1,30,57.5,-1.79
2018-01-12T00:20:00,1515716400,1,30,57.5,-1.79
2018-01-12T00:50:00,1515718200,0.5,,57.5,-1.79
2018-01-12T00:50:00,1515718200,0.5,,57.5,-1.79
2018-01-12T00:50:00,1515718200,0.5,,57.5,-1.79
2018-01-12T01:20:00,1515720000,0.5,,57.5,-1.79
2018-01-12T01:20:00,1515720000,0.5,,57.5,-1.79
2018-01-12T01:20:00,1515720000,0.5,,57.5,-1.79
2018-01-12T01:50:00,1515721800,0.5,,57.5,-1.79
2018-01-12T01:50:00,1515721800,0.5,,57.5,-1.79
2018-01-12T01:50:00,1515721800,0.5,,57.5,-1.79
2018-01-12T01:50:00,1515721800,0.5,,57.5,-1.79
2018-01-12T02:20:00,1515723600,0.5,,57.5,-1.79
2018-01-12T02:20:00,1515723600,0.5,,57.5,-1.79
2018-01-12T02:20:00,1515723600,0.5,,57.5,-1.79
2018-01-12T02:20:00,1515723600,0.5,,57.5,-1.79
2018-01-12T02:20:00,1515723600,0.5,,57.5,-1.79
2018-01-12T02:50:00,1515725400,0.5,,57.5,-1.79
2018-01-12T02:50:00,1515725400,0.5,,57.5,-1.79
2018-01-12T02:50:00,1515725400,0.5,,57.5,-1.79
2018-01-12T03:20:00,1515727200,3.6,210,57.5,-1.79
2018-01-12T03:20:00,1515727200,3.6,210,57.5,-1.79
2018-01-12T03:20:00,1515727200,3.6,210,57.5,-1.79
2018-01-12T03:50:00,1515729000,2.1,190,57.5,-1.79
2018-01-12T03:50:00,1515729000,2.1,190,57.5,-1.79
2018-01-12T03:50:00,1515729000,2.1,190,57.5,-1.79
2018-01-12T04:20:00,1515730800,3.6,200,57.5,-1.79
2018-01-12T04:20:00,1515730800,3.6,200,57.5,-1.79
2018-01-12T04:20:00,1515730800,3.6,200,57.5,-1.79
2018-01-12T04:20:00,1515730800,3.6,200,57.5,-1.79
2018-01-12T04:20:00,1515730800,3.6,200,57.5,-1.79
2018-01-12T04:50:00,1515732600,2.6,190,57.5,-1.79
2018-01-12T04:50:00,1515732600,2.6,190,57.5,-1.79
2018-01-12T04:50:00,1515732600,2.6,190,57.5,-1.79
2018-01-12T05:20:00,1515734400,2.6,170,57.5,-1.79
2018-01-12T05:20:00,1515734400,2.6,170,57.5,-1.79
2018-01-12T05:20:00,1515734400,2.6,170,57.5,-1.79
2018-01-12T05:50:00,1515736200,1.5,150,57.5,-1.79
2018-01-12T05:50:00,1515736200,1.5,150,57.5,-1.79
2018-01-12T05:50:00,1515736200,1.5,150,57.5,-1.79
2018-01-12T05:50:00,1515736200,1.5,150,57.5,-1.79
2018-01-12T06:20:00,1515738000,2.1,140,57.5,-1.79
2018-01-12T06:20:00,1515738000,2.1,140,57.5,-1.79
2018-01-12T06:20:00,1515738000,2.1,140,57.5,-1.79
2018-01-12T06:50:00,1515739800,2.1,160,57.5,-1.79
2018-01-12T06:50:00,1515739800,2.1,160,57.5,-1.79
2018-01-12T06:50:00,1515739800,2.1,160,57.5,-1.79
2018-01-12T06:50:00,1515739800,2.1,160,57.5,-1.79
2018-01-12T07:20:00,1515741600,1.5,130,57.5,-1.79
2018-01-12T07:20:00,1515741600,1.5,130,57.5,-1.79
2018-01-12T07:20:00,1515741600,1.5,130,57.5,-1.79
2018-01-12T07:20:00,1515741600,1.5,130,57.5,-1.79
2018-01-12T07:50:00,1515743400,1.5,150,57.5,-1.79
2018-01-12T07:50:00,1515743400,1.5,150,57.5,-1.79
2018-01-12T07:50:00,1515743400,1.5,150,57.5,-1.79
2018-01-12T08:20:00,1515745200,2.6,170,57.5,-1.79
2018-01-12T08:20:00,1515745200,2.6,170,57.5,-1.79
2018-01-12T08:20:00,1515745200,2.6,170,57.5,-1.79
2018-01-12T08:20:00,1515745200,2.6,170,57.5,-1.79
2018-01-12T08:20:00,1515745200,2.6,170,57.5,-1.79
2018-01-12T08:50:00,1515747000,2.6,160,57.5,-1.79
2018-01-12T08:50:00,1515747000,2.6,160,57.5,-1.79
2018-01-12T09:20:00,1515748800,3.1,150,57.5,-1.79
2018-01-12T09:20:00,1515748800,3.1,150,57.5,-1.79
2018-01-12T09:20:00,1515748800,3.1,150,57.5,-1.79
2018-01-12T09:20:00,1515748800,3.1,150,57.5,-1.79
2018-01-12T09:50:00,1515750600,5.1,160,57.5,-1.79
2018-01-12T09:50:00,1515750600,5.1,160,57.5,-1.79
2018-01-12T09:50:00,1515750600,5.1,160,57.5,-1.79
2018-01-12T09:50:00,1515750600,5.1,160,57.5,-1.79
2018-01-12T09:50:00,1515750600,5.1,160,57.5,-1.79
2018-01-12T10:20:00,1515752400,4.6,160,57.5,-1.79
2018-01-12T10:20:00,1515752400,4.6,160,57.5,-1.79
2018-01-12T10:20:00,1515752400,4.6,160,57.5,-1.79
2018-01-12T10:50:00,1515754200,5.7,160,57.5,-1.79
2018-01-12T10:50:00,1515754200,5.7,160,57.5,-1.79
2018-01-12T10:50:00,1515754200,5.7,160,57.5,-1.79
2018-01-12T11:20:00,1515756000,6.2,160,57.5,-1.79
2018-01-12T11:20:00,1515756000,6.2,160,57.5,-1.79
2018-01-12T11:20:00,1515756000,6.2,160,57.5,-1.79
2018-01-12T11:20:00,1515756000,6.2,160,57.5,-1.79
2018-01-12T11:50:00,1515757800,7.2,160,57.5,-1.79
2018-01-12T11:50:00,1515757800,7.2,160,57.5,-1.79
2018-01-12T11:50:00,1515757800,7.2,160,57.5,-1.79
2018-01-12T12:20:00,1515759600,8.2,160,57.5,-1.79
2018-01-12T12:20:00,1515759600,8.2,160,57.5,-1.79
2018-01-12T12:20:00,1515759600,8.2,160,57.5,-1.79
2018-01-12T12:20:00,1515759600,8.2,160,57.5,-1.79
2018-01-12T12:50:00,1515761400,8.2,170,57.5,-1.79
2018-01-12T12:50:00,1515761400,8.2,170,57.5,-1.79
2018-01-12T12:50:00,1515761400,8.2,170,57.5,-1.79
2018-01-12T13:20:00,1515763200,7.7,170,57.5,-1.79
2018-01-12T13:20:00,1515763200,7.7,170,57.5,-1.79
2018-01-12T13:20:00,1515763200,7.7,170,57.5,-1.79
2018-01-12T13:20:00,1515763200,7.7,170,57.5,-1.79
2018-01-12T13:50:00,1515765000,7.2,170,57.5,-1.79
2018-01-12T13:50:00,1515765000,7.2,170,57.5,-1.79
2018-01-12T13:50:00,1515765000,7.2,170,57.5,-1.79
2018-01-12T14:20:00,1515766800,8.2,170,57.5,-1.79
2018-01-12T14:20:00,1515766800,8.2,170,57.5,-1.79
2018-01-12T14:20:00,1515766800,8.2,170,57.5,-1.79
2018-01-12T14:20:00,1515766800,8.2,170,57.5,-1.79
2018-01-12T14:50:00,1515768600,7.2,170,57.5,-1.79
2018-01-12T14:50:00,1515768600,7.2,170,57.5,-1.79
2018-01-12T14:50:00,1515768600,7.2,170,57.5,-1.79
2018-01-12T14:50:00,1515768600,7.2,170,57.5,-1.79
2018-01-12T15:20:00,1515770400,7.2,170,57.5,-1.79
2018-01-12T15:20:00,1515770400,7.2,170,57.5,-1.79
2018-01-12T15:20:00,1515770400,7.2,170,57.5,-1.79
2018-01-12T15:50:00,1515772200,7.2,170,57.5,-1.79
2018-01-12T15:50:00,1515772200,7.2,170,57.5,-1.79
2018-01-12T15:50:00,1515772200,7.2,170,57.5,-1.79
2018-01-12T15:50:00,1515772200,7.2,170,57.5,-1.79
2018-01-12T16:20:00,1515774000,8.2,160,57.5,-1.79
2018-01-12T16:20:00,1515774000,8.2,160,57.5,-1.79
2018-01-12T16:20:00,1515774000,8.2,160,57.5,-1.79
2018-01-12T16:50:00,1515775800,8.2,160,57.5,-1.79
2018-01-12T16:50:00,1515775800,8.2,160,57.5,-1.79
2018-01-12T16:50:00,1515775800,8.2,160,57.5,-1.79
2018-01-12T16:50:00,1515775800,8.2,160,57.5,-1.79
2018-01-12T17:20:00,1515777600,9.3,160,57.5,-1.79
2018-01-12T17:20:00,1515777600,9.3,160,57.5,-1.79
2018-01-12T17:20:00,1515777600,9.3,160,57.5,-1.79
2018-01-12T17:20:00,1515777600,9.3,160,57.5,-1.79
2018-01-12T17:50:00,1515779400,7.7,150,57.5,-1.79
2018-01-12T17:50:00,1515779400,7.7,150,57.5,-1.79
2018-01-12T17:50:00,1515779400,7.7,150,57.5,-1.79
2018-01-12T17:50:00,1515779400,7.7,150,57.5,-1.79
2018-01-12T18:20:00,1515781200,9.3,160,57.5,-1.79
2018-01-12T18:20:00,1515781200,9.3,160,57.5,-1.79
2018-01-12T18:20:00,1515781200,9.3,160,57.5,-1.79
2018-01-12T18:50:00,1515783000,9.3,160,57.5,-1.79
2018-01-12T18:50:00,1515783000,9.3,160,57.5,-1.79
2018-01-12T18:50:00,1515783000,9.3,160,57.5,-1.79
2018-01-12T19:20:00,1515784800,8.7,150,57.5,-1.79
2018-01-12T19:20:00,1515784800,8.7,150,57.5,-1.79
2018-01-12T19:20:00,1515784800,8.7,150,57.5,-1.79
2018-01-12T19:20:00,1515784800,8.7,150,57.5,-1.79
2018-01-12T19:50:00,1515786600,9.3,170,57.5,-1.79
2018-01-12T19:50:00,1515786600,9.3,170,57.5,-1.79
2018-01-12T19:50:00,1515786600,9.3,170,57.5,-1.79
2018-01-12T19:50:00,1515786600,9.3,170,57.5,-1.79
2018-01-12T20:20:00,1515788400,8.7,170,57.5,-1.79
2018-01-12T20:20:00,1515788400,8.7,170,57.5,-1.79
2018-01-12T20:20:00,1515788400,8.7,170,57.5,-1.79
2018-01-12T20:50:00,1515790200,7.7,160,57.5,-1.79
2018-01-12T20:50:00,1515790200,7.7,160,57.5,-1.79
2018-01-12T20:50:00,1515790200,7.7,160,57.5,-1.79
2018-01-12T20:50:00,1515790200,7.7,160,57.5,-1.79
2018-01-12T21:20:00,1515792000,9.3,160,57.5,-1.79
2018-01-12T21:20:00,1515792000,9.3,160,57.5,-1.79
2018-01-12T21:20:00,1515792000,9.3,160,57.5,-1.79
2018-01-12T21:50:00,1515793800,8.7,160,57.5,-1.79
2018-01-12T21:50:00,1515793800,8.7,160,57.5,-1.79
2018-01-12T21:50:00,1515793800,8.7,160,57.5,-1.79
2018-01-12T21:50:00,1515793800,8.7,160,57.5,-1.79
2018-01-12T22:20:00,1515795600,9.3,170,57.5,-1.79
2018-01-12T22:20:00,1515795600,9.3,170,57.5,-1.79
2018-01-12T22:20:00,1515795600,9.3,170,57.5,-1.79
2018-01-12T22:20:00,1515795600,9.3,170,57.5,-1.79
2018-01-12T22:20:00,1515795600,9.3,170,57.5,-1.79
2018-01-12T22:50:00,1515797400,8.2,170,57.5,-1.79
2018-01-12T22:50:00,1515797400,8.2,170,57.5,-1.79
2018-01-12T23:20:00,1515799200,7.7,170,57.5,-1.79
2018-01-12T23:20:00,1515799200,7.7,170,57.5,-1.79
2018-01-12T23:20:00,1515799200,7.7,170,57.5,-1.79
2018-01-12T23:20:00,1515799200,7.7,170,57.5,-1.79
2018-01-12T23:20:00,1515799200,7.7,170,57.5,-1.79
2018-01-12T23:50:00,1515801000,8.7,170,57.5,-1.79
2018-01-12T23:50:00,1515801000,8.7,170,57.5,-1.79
2018-01-12T23:50:00,1515801000,8.7,170,57.5,-1.79
2018-01-13T00:20:00,1515802800,8.2,170,57.5,-1.79
2018-01-13T00:20:00,1515802800,8.2,170,57.5,-1.79
2018-01-13T00:20:00,1515802800,8.2,170,57.5,-1.79
2018-01-13T00:50:00,1515804600,7.7,170,57.5,-1.79
2018-01-13T00:50:00,1515804600,7.7,170,57.5,-1.79
2018-01-13T00:50:00,1515804600,7.7,170,57.5,-1.79
2018-01-13T01:20:00,1515806400,7.7,170,57.5,-1.79
2018-01-13T01:20:00,1515806400,7.7,170,57.5,-1.79
2018-01-13T01:20:00,1515806400,7.7,170,57.5,-1.79
2018-01-13T01:20:00,1515806400,7.7,170,57.5,-1.79
2018-01-13T01:50:00,1515808200,7.2,160,57.5,-1.79
2018-01-13T01:50:00,1515808200,7.2,160,57.5,-1.79
2018-01-13T01:50:00,1515808200,7.2,160,57.5,-1.79
2018-01-13T01:50:00,1515808200,7.2,160,57.5,-1.79
2018-01-13T02:20:00,1515810000,8.7,170,57.5,-1.79
2018-01-13T02:20:00,1515810000,8.7,170,57.5,-1.79
2018-01-13T02:20:00,1515810000,8.7,170,57.5,-1.79
2018-01-13T02:50:00,1515811800,7.7,170,57.5,-1.79
2018-01-13T02:50:00,1515811800,7.7,170,57.5,-1.79
2018-01-13T02:50:00,1515811800,7.7,170,57.5,-1.79
2018-01-13T02:50:00,1515811800,7.7,170,57.5,-1.79
2018-01-13T03:20:00,1515813600,8.7,160,57.5,-1.79
2018-01-13T03:20:00,1515813600,8.7,160,57.5,-1.79
2018-01-13T03:20:00,1515813600,8.7,160,57.5,-1.79
2018-01-13T03:20:00,1515813600,8.7,160,57.5,-1.79
2018-01-13T03:50:00,1515815400,7.7,160,57.5,-1.79
2018-01-13T03:50:00,1515815400,7.7,160,57.5,-1.79
2018-01-13T03:50:00,1515815400,7.7,160,57.5,-1.79
2018-01-13T04:20:00,1515817200,8.7,160,57.5,-1.79
2018-01-13T04:20:00,1515817200,8.7,160,57.5,-1.79
2018-01-13T04:20:00,1515817200,8.7,160,57.5,-1.79
2018-01-13T04:20:00,1515817200,8.7,160,57.5,-1.79
2018-01-13T04:20:00,1515817200,8.7,160,57.5,-1.79
2018-01-13T04:50:00,1515819000,6.7,160,57.5,-1.79
2018-01-13T04:50:00,1515819000,6.7,160,57.5,-1.79
2018-01-13T05:20:00,1515820800,8.2,150,57.5,-1.79
2018-01-13T05:20:00,1515820800,8.2,150,57.5,-1.79
2018-01-13T05:20:00,1515820800,8.2,150,57.5,-1.79
2018-01-13T05:20:00,1515820800,8.2,150,57.5,-1.79
2018-01-13T05:20:00,1515820800,8.2,150,57.5,-1.79
2018-01-13T05:50:00,1515822600,7.2,140,57.5,-1.79
2018-01-13T05:50:00,1515822600,7.2,140,57.5,-1.79
2018-01-13T06:20:00,1515824400,7.2,150,57.5,-1.79
2018-01-13T06:20:00,1515824400,7.2,150,57.5,-1.79
2018-01-13T06:20:00,1515824400,7.2,150,57.5,-1.79
2018-01-13T06:20:00,1515824400,7.2,150,57.5,-1.79
2018-01-13T06:20:00,1515824400,7.2,150,57.5,-1.79
2018-01-13T06:50:00,1515826200,7.7,160,57.5,-1.79
2018-01-13T06:50:00,1515826200,7.7,160,57.5,-1.79
2018-01-13T06:50:00,1515826200,7.7,160,57.5,-1.79
2018-01-13T07:20:00,1515828000,6.7,160,57.5,-1.79
2018-01-13T07:20:00,1515828000,6.7,160,57.5,-1.79
2018-01-13T07:20:00,1515828000,6.7,160,57.5,-1.79
2018-01-13T07:50:00,1515829800,7.2,170,57.5,-1.79
2018-01-13T07:50:00,1515829800,7.2,170,57.5,-1.79
2018-01-13T07:50:00,1515829800,7.2,170,57.5,-1.79
2018-01-13T07:50:00,1515829800,7.2,170,57.5,-1.79
2018-01-13T08:20:00,1515831600,8.2,150,57.5,-1.79
2018-01-13T08:20:00,1515831600,8.2,150,57.5,-1.79
2018-01-13T08:20:00,1515831600,8.2,150,57.5,-1.79
2018-01-13T08:20:00,1515831600,8.2,150,57.5,-1.79
2018-01-13T08:50:00,1515833400,6.7,160,57.5,-1.79
2018-01-13T08:50:00,1515833400,6.7,160,57.5,-1.79
2018-01-13T08:50:00,1515833400,6.7,160,57.5,-1.79
2018-01-13T09:20:00,1515835200,6.2,160,57.5,-1.79
2018-01-13T09:20:00,1515835200,6.2,160,57.5,-1.79
2018-01-13T09:20:00,1515835200,6.2,160,57.5,-1.79
2018-01-13T09:20:00,1515835200,6.2,160,57.5,-1.79
2018-01-13T09:20:00,1515835200,6.2,160,57.5,-1.79
2018-01-13T09:50:00,1515837000,7.7,160,57.5,-1.79
2018-01-13T09:50:00,1515837000,7.7,160,57.5,-1.79
2018-01-13T10:20:00,1515838800,7.7,150,57.5,-1.79
2018-01-13T10:20:00,1515838800,7.7,150,57.5,-1.79
2018-01-13T10:20:00,1515838800,7.7,150,57.5,-1.79
2018-01-13T10:20:00,1515838800,7.7,150,57.5,-1.79
2018-01-13T10:50:00,1515840600,8.7,150,57.5,-1.79
2018-01-13T10:50:00,1515840600,8.7,150,57.5,-1.79
2018-01-13T10:50:00,1515840600,8.7,150,57.5,-1.79
2018-01-13T11:20:00,1515842400,9.3,160,57.5,-1.79
2018-01-13T11:20:00,1515842400,9.3,160,57.5,-1.79
2018-01-13T11:20:00,1515842400,9.3,160,57.5,-1.79
2018-01-13T11:20:00,1515842400,9.3,160,57.5,-1.79
2018-01-13T11:50:00,1515844200,10.3,170,57.5,-1.79
2018-01-13T11:50:00,1515844200,10.3,170,57.5,-1.79
2018-01-13T11:50:00,1515844200,10.3,170,57.5,-1.79
2018-01-13T11:50:00,1515844200,10.3,170,57.5,-1.79
2018-01-13T11:50:00,1515844200,10.3,170,57.5,-1.79
2018-01-13T12:20:00,1515846000,10.3,160,57.5,-1.79
2018-01-13T12:20:00,1515846000,10.3,160,57.5,-1.79
2018-01-13T12:20:00,1515846000,10.3,160,57.5,-1.79
2018-01-13T12:50:00,1515847800,9.3,160,57.5,-1.79
2018-01-13T12:50:00,1515847800,9.3,160,57.5,-1.79
2018-01-13T12:50:00,1515847800,9.3,160,57.5,-1.79
2018-01-13T13:20:00,1515849600,9.8,160,57.5,-1.79
2018-01-13T13:20:00,1515849600,9.8,160,57.5,-1.79
2018-01-13T13:20:00,1515849600,9.8,160,57.5,-1.79
2018-01-13T13:20:00,1515849600,9.8,160,57.5,-1.79
2018-01-13T13:50:00,1515851400,10.8,170,57.5,-1.79
2018-01-13T13:50:00,1515851400,10.8,170,57.5,-1.79
2018-01-13T13:50:00,1515851400,10.8,170,57.5,-1.79
2018-01-13T13:50:00,1515851400,10.8,170,57.5,-1.79
2018-01-13T14:20:00,1515853200,8.2,160,57.5,-1.79
2018-01-13T14:20:00,1515853200,8.2,160,57.5,-1.79
2018-01-13T14:20:00,1515853200,8.2,160,57.5,-1.79
2018-01-13T14:50:00,1515855000,9.8,160,57.5,-1.79
2018-01-13T14:50:00,1515855000,9.8,160,57.5,-1.79
2018-01-13T14:50:00,1515855000,9.8,160,57.5,-1.79
2018-01-13T14:50:00,1515855000,9.8,160,57.5,-1.79
2018-01-13T15:20:00,1515856800,10.3,170,57.5,-1.79
2018-01-13T15:20:00,1515856800,10.3,170,57.5,-1.79
2018-01-13T15:20:00,1515856800,10.3,170,57.5,-1.79
2018-01-13T15:50:00,1515858600,7.7,170,57.5,-1.79
2018-01-13T15:50:00,1515858600,7.7,170,57.5,-1.79
2018-01-13T15:50:00,1515858600,7.7,170,57.5,-1.79
2018-01-13T15:50:00,1515858600,7.7,170,57.5,-1.79
2018-01-13T16:20:00,1515860400,9.3,170,57.5,-1.79
2018-01-13T16:20:00,1515860400,9.3,170,57.5,-1.79
2018-01-13T16:20:00,1515860400,9.3,170,57.5,-1.79
2018-01-13T16:50:00,1515862200,9.3,180,57.5,-1.79
2018-01-13T16:50:00,1515862200,9.3,180,57.5,-1.79
2018-01-13T16:50:00,1515862200,9.3,180,57.5,-1.79
2018-01-13T16:50:00,1515862200,9.3,180,57.5,-1.79
2018-01-13T17:20:00,1515864000,7.7,170,57.5,-1.79
2018-01-13T17:20:00,1515864000,7.7,170,57.5,-1.79
2018-01-13T17:20:00,1515864000,7.7,170,57.5,-1.79
2018-01-13T17:50:00,1515865800,7.7,170,57.5,-1.79
2018-01-13T17:50:00,1515865800,7.7,170,57.5,-1.79
2018-01-13T17:50:00,1515865800,7.7,170,57.5,-1.79
2018-01-13T17:50:00,1515865800,7.7,170,57.5,-1.79
2018-01-13T18:20:00,1515867600,8.7,170,57.5,-1.79
2018-01-13T18:20:00,1515867600,8.7,170,57.5,-1.79
2018-01-13T18:20:00,1515867600,8.7,170,57.5,-1.79
2018-01-13T18:50:00,1515869400,9.3,170,57.5,-1.79
2018-01-13T18:50:00,1515869400,9.3,170,57.5,-1.79
2018-01-13T18:50:00,1515869400,9.3,170,57.5,-1.79
2018-01-13T18:50:00,1515869400,9.3,170,57.5,-1.79
2018-01-13T19:20:00,1515871200,10.8,170,57.5,-1.79
2018-01-13T19:20:00,1515871200,10.8,170,57.5,-1.79
2018-01-13T19:20:00,1515871200,10.8,170,57.5,-1.79
2018-01-13T19:20:00,1515871200,10.8,170,57.5,-1.79
2018-01-13T19:50:00,1515873000,8.7,170,57.5,-1.79
2018-01-13T19:50:00,1515873000,8.7,170,57.5,-1.79
2018-01-13T19:50:00,1515873000,8.7,170,57.5,-1.79
2018-01-13T20:20:00,1515874800,7.2,170,57.5,-1.79
2018-01-13T20:20:00,1515874800,7.2,170,57.5,-1.79
2018-01-13T20:20:00,1515874800,7.2,170,57.5,-1.79
2018-01-13T20:20:00,1515874800,7.2,170,57.5,-1.79
2018-01-13T20:50:00,1515876600,9.3,170,57.5,-1.79
2018-01-13T20:50:00,1515876600,9.3,170,57.5,-1.79
2018-01-13T20:50:00,1515876600,9.3,170,57.5,-1.79
2018-01-13T20:50:00,1515876600,9.3,170,57.5,-1.79
2018-01-13T21:20:00,1515878400,8.7,180,57.5,-1.79
2018-01-13T21:20:00,1515878400,8.7,180,57.5,-1.79
2018-01-13T21:20:00,1515878400,8.7,180,57.5,-1.79
2018-01-13T21:50:00,1515880200,8.2,170,57.5,-1.79
2018-01-13T21:50:00,1515880200,8.2,170,57.5,-1.79
2018-01-13T21:50:00,1515880200,8.2,170,57.5,-1.79
2018-01-13T21:50:00,1515880200,8.2,170,57.5,-1.79
2018-01-13T22:20:00,1515882000,9.3,170,57.5,-1.79
2018-01-13T22:20:00,1515882000,9.3,170,57.5,-1.79
2018-01-13T22:20:00,1515882000,9.3,170,57.5,-1.79
2018-01-13T22:50:00,1515883800,8.7,170,57.5,-1.79
2018-01-13T22:50:00,1515883800,8.7,170,57.5,-1.79
2018-01-13T22:50:00,1515883800,8.7,170,57.5,-1.79
2018-01-13T22:50:00,1515883800,8.7,170,57.5,-1.79
2018-01-13T23:20:00,1515885600,8.7,170,57.5,-1.79
2018-01-13T23:20:00,1515885600,8.7,170,57.5,-1.79
2018-01-13T23:20:00,1515885600,8.7,170,57.5,-1.79
2018-01-13T23:50:00,1515887400,9.3,170,57.5,-1.79
2018-01-13T23:50:00,1515887400,9.3,170,57.5,-1.79
2018-01-13T23:50:00,1515887400,9.3,170,57.5,-1.79
2018-01-13T23:50:00,1515887400,9.3,170,57.5,-1.79
2018-01-14T00:20:00,1515889200,8.2,180,57.5,-1.79
2018-01-14T00:20:00,1515889200,8.2,180,57.5,-1.79
2018-01-14T00:20:00,1515889200,8.2,180,57.5,-1.79
2018-01-14T00:20:00,1515889200,8.2,180,57.5,-1.79
2018-01-14T00:50:00,1515891000,9.8,170,57.5,-1.79
2018-01-14T00:50:00,1515891000,9.8,170,57.5,-1.79
2018-01-14T00:50:00,1515891000,9.8,170,57.5,-1.79
2018-01-14T01:20:00,1515892800,9.8,170,57.5,-1.79
2018-01-14T01:20:00,1515892800,9.8,170,57.5,-1.79
2018-01-14T01:20:00,1515892800,9.8,170,57.5,-1.79
2018-01-14T01:20:00,1515892800,9.8,170,57.5,-1.79
2018-01-14T01:20:00,1515892800,9.8,170,57.5,-1.79
2018-01-14T01:50:00,1515894600,8.2,180,57.5,-1.79
2018-01-14T01:50:00,1515894600,8.2,180,57.5,-1.79
2018-01-14T01:50:00,1515894600,8.2,180,57.5,-1.79
2018-01-14T02:20:00,1515896400,9.3,180,57.5,-1.79
2018-01-14T02:20:00,1515896400,9.3,180,57.5,-1.79
2018-01-14T02:20:00,1515896400,9.3,180,57.5,-1.79
2018-01-14T02:50:00,1515898200,7.2,180,57.5,-1.79
2018-01-14T02:50:00,1515898200,7.2,180,57.5,-1.79
2018-01-14T02:50:00,1515898200,7.2,180,57.5,-1.79
2018-01-14T02:50:00,1515898200,7.2,180,57.5,-1.79
2018-01-14T02:50:00,1515898200,7.2,180,57.5,-1.79
2018-01-14T03:20:00,1515900000,7.2,180,57.5,-1.79
2018-01-14T03:20:00,1515900000,7.2,180,57.5,-1.79
2018-01-14T03:50:00,1515901800,7.2,170,57.5,-1.79
2018-01-14T03:50:00,1515901800,7.2,170,57.5,-1.79
2018-01-14T03:50:00,1515901800,7.2,170,57.5,-1.79
2018-01-14T03:50:00,1515901800,7.2,170,57.5,-1.79
2018-01-14T04:20:00,1515903600,8.7,180,57.5,-1.79
2018-01-14T04:20:00,1515903600,8.7,180,57.5,-1.79
2018-01-14T04:20:00,1515903600,8.7,180,57.5,-1.79
2018-01-14T04:50:00,1515905400,8.7,180,57.5,-1.79
2018-01-14T04:50:00,1515905400,8.7,180,57.5,-1.79
2018-01-14T04:50:00,1515905400,8.7,180,57.5,-1.79
2018-01-14T04:50:00,1515905400,8.7,180,57.5,-1.79
2018-01-14T05:20:00,1515907200,9.3,170,57.5,-1.79
2018-01-14T05:20:00,1515907200,9.3,170,57.5,-1.79
2018-01-14T05:20:00,1515907200,9.3,170,57.5,-1.79
2018-01-14T05:20:00,1515907200,9.3,170,57.5,-1.79
2018-01-14T05:20:00,1515907200,9.3,170,57.5,-1.79
2018-01-14T05:50:00,1515909000,8.7,180,57.5,-1.79
2018-01-14T05:50:00,1515909000,8.7,180,57.5,-1.79
2018-01-14T06:20:00,1515910800,11.8,170,57.5,-1.79
2018-01-14T06:20:00,1515910800,11.8,170,57.5,-1.79
2018-01-14T06:20:00,1515910800,11.8,170,57.5,-1.79
2018-01-14T06:20:00,1515910800,11.8,170,57.5,-1.79
2018-01-14T06:50:00,1515912600,10.8,170,57.5,-1.79
2018-01-14T06:50:00,1515912600,10.8,170,57.5,-1.79
2018-01-14T06:50:00,1515912600,10.8,170,57.5,-1.79
2018-01-14T07:20:00,1515914400,9.8,170,57.5,-1.79
2018-01-14T07:20:00,1515914400,9.8,170,57.5,-1.79
2018-01-14T07:20:00,1515914400,9.8,170,57.5,-1.79
2018-01-14T07:20:00,1515914400,9.8,170,57.5,-1.79
2018-01-14T07:50:00,1515916200,8.7,170,57.5,-1.79
2018-01-14T07:50:00,1515916200,8.7,170,57.5,-1.79
2018-01-14T07:50:00,1515916200,8.7,170,57.5,-1.79
2018-01-14T07:50:00,1515916200,8.7,170,57.5,-1.79
2018-01-14T07:50:00,1515916200,8.7,170,57.5,-1.79
2018-01-14T08:20:00,1515918000,10.3,170,57.5,-1.79
2018-01-14T08:20:00,1515918000,10.3,170,57.5,-1.79
2018-01-14T08:50:00,1515919800,9.8,180,57.5,-1.79
2018-01-14T08:50:00,1515919800,9.8,180,57.5,-1.79
2018-01-14T08:50:00,1515919800,9.8,180,57.5,-1.79
2018-01-14T08:50:00,1515919800,9.8,180,57.5,-1.79
2018-01-14T09:20:00,1515921600,9.3,170,57.5,-1.79
2018-01-14T09:20:00,1515921600,9.3,170,57.5,-1.79
2018-01-14T09:20:00,1515921600,9.3,170,57.5,-1.79
2018-01-14T09:50:00,1515923400,9.8,170,57.5,-1.79
2018-01-14T09:50:00,1515923400,9.8,170,57.5,-1.79
2018-01-14T09:50:00,1515923400,9.8,170,57.5,-1.79
2018-01-14T09:50:00,1515923400,9.8,170,57.5,-1.79
2018-01-14T10:20:00,1515925200,9.3,180,57.5,-1.79
2018-01-14T10:20:00,1515925200,9.3,180,57.5,-1.79
2018-01-14T10:20:00,1515925200,9.3,180,57.5,-1.79
2018-01-14T10:20:00,1515925200,9.3,180,57.5,-1.79
2018-01-14T10:50:00,1515927000,9.3,170,57.5,-1.79
2018-01-14T10:50:00,1515927000,9.3,170,57.5,-1.79
2018-01-14T10:50:00,1515927000,9.3,170,57.5,-1.79
2018-01-14T11:20:00,1515928800,9.8,170,57.5,-1.79
2018-01-14T11:20:00,1515928800,9.8,170,57.5,-1.79
2018-01-14T11:20:00,1515928800,9.8,170,57.5,-1.79
2018-01-14T11:20:00,1515928800,9.8,170,57.5,-1.79
2018-01-14T11:50:00,1515930600,11.3,170,57.5,-1.79
2018-01-14T11:50:00,1515930600,11.3,170,57.5,-1.79
2018-01-14T11:50:00,1515930600,11.3,170,57.5,-1.79
2018-01-14T12:20:00,1515932400,10.8,170,57.5,-1.79
2018-01-14T12:20:00,1515932400,10.8,170,57.5,-1.79
2018-01-14T12:20:00,1515932400,10.8,170,57.5,-1.79
2018-01-14T12:20:00,1515932400,10.8,170,57.5,-1.79
2018-01-14T12:20:00,1515932400,10.8,170,57.5,-1.79
2018-01-14T12:50:00,1515934200,11.3,170,57.5,-1.79
2018-01-14T12:50:00,1515934200,11.3,170,57.5,-1.79
2018-01-14T12:50:00,1515934200,11.3,170,57.5,-1.79
2018-01-14T13:20:00,1515936000,9.8,180,57.5,-1.79
2018-01-14T13:20:00,1515936000,9.8,180,57.5,-1.79
2018-01-14T13:20:00,1515936000,9.8,180,57.5,-1.79
2018-01-14T13:50:00,1515937800,10.3,180,57.5,-1.79
2018-01-14T13:50:00,1515937800,10.3,180,57.5,-1.79
2018-01-14T13:50:00,1515937800,10.3,180,57.5,-1.79
2018-01-14T13:50:00,1515937800,10.3,180,57.5,-1.79
2018-01-14T14:20:00,1515939600,10.8,180,57.5,-1.79
2018-01-14T14:20:00,1515939600,10.8,180,57.5,-1.79
2018-01-14T14:20:00,1515939600,10.8,180,57.5,-1.79
2018-01-14T14:50:00,1515941400,11.3,180,57.5,-1.79
2018-01-14T14:50:00,1515941400,11.3,180,57.5,-1.79
2018-01-14T14:50:00,1515941400,11.3,180,57.5,-1.79
2018-01-14T14:50:00,1515941400,11.3,180,57.5,-1.79
2018-01-14T15:20:00,1515943200,11.8,170,57.5,-1.79
2018-01-14T15:20:00,1515943200,11.8,170,57.5,-1.79
2018-01-14T15:20:00,1515943200,11.8,170,57.5,-1.79
2018-01-14T15:20:00,1515943200,11.8,170,57.5,-1.79
2018-01-14T15:20:00,1515943200,11.8,170,57.5,-1.79
2018-01-14T15:50:00,1515945000,13.4,170,57.5,-1.79
2018-01-14T15:50:00,1515945000,13.4,170,57.5,-1.79
2018-01-14T16:20:00,1515946800,11.3,180,57.5,-1.79
2018-01-14T16:20:00,1515946800,11.3,180,57.5,-1.79
2018-01-14T16:20:00,1515946800,11.3,180,57.5,-1.79
2018-01-14T16:20:00,1515946800,11.3,180,57.5,-1.79
2018-01-14T16:20:00,1515946800,11.3,180,57.5,-1.79
2018-01-14T16:50:00,1515948600,11.3,180,57.5,-1.79
2018-01-14T16:50:00,1515948600,11.3,180,57.5,-1.79
2018-01-14T17:20:00,1515950400,12.9,180,57.5,-1.79
2018-01-14T17:20:00,1515950400,12.9,180,57.5,-1.79
2018-01-14T17:20:00,1515950400,12.9,180,57.5,-1.79
2018-01-14T17:20:00,1515950400,12.9,180,57.5,-1.79
2018-01-14T17:50:00,1515952200,14.9,180,57.5,-1.79
2018-01-14T17:50:00,1515952200,14.9,180,57.5,-1.79
2018-01-14T17:50:00,1515952200,14.9,180,57.5,-1.79
2018-01-14T17:50:00,1515952200,14.9,180,57.5,-1.79
2018-01-14T18:20:00,1515954000,13.9,170,57.5,-1.79
2018-01-14T18:20:00,1515954000,13.9,170,57.5,-1.79
2018-01-14T18:20:00,1515954000,13.9,170,57.5,-1.79
2018-01-14T18:50:00,1515955800,14.4,180,57.5,-1.79
2018-01-14T18:50:00,1515955800,14.4,180,57.5,-1.79
2018-01-14T18:50:00,1515955800,14.4,180,57.5,-1.79
2018-01-14T18:50:00,1515955800,14.4,180,57.5,-1.79
2018-01-14T19:20:00,1515957600,14.4,180,57.5,-1.79
2018-01-14T19:20:00,1515957600,14.4,180,57.5,-1.79
2018-01-14T19:20:00,1515957600,14.4,180,57.5,-1.79
2018-01-14T19:50:00,1515959400,13.4,180,57.5,-1.79
2018-01-14T19:50:00,1515959400,13.4,180,57.5,-1.79
2018-01-14T19:50:00,1515959400,13.4,180,57.5,-1.79
2018-01-14T19:50:00,1515959400,13.4,180,57.5,-1.79
2018-01-14T20:20:00,1515961200,14.9,180,57.5,-1.79
2018-01-14T20:20:00,1515961200,14.9,180,57.5,-1.79
2018-01-14T20:20:00,1515961200,14.9,180,57.5,-1.79
2018-01-14T20:20:00,1515961200,14.9,180,57.5,-1.79
2018-01-14T20:50:00,1515963000,14.4,180,57.5,-1.79
2018-01-14T20:50:00,1515963000,14.4,180,57.5,-1.79
2018-01-14T20:50:00,1515963000,14.4,180,57.5,-1.79
2018-01-14T21:20:00,1515964800,15.9,180,57.5,-1.79
2018-01-14T21:20:00,1515964800,15.9,180,57.5,-1.79
2018-01-14T21:20:00,1515964800,15.9,180,57.5,-1.79
2018-01-14T21:20:00,1515964800,15.9,180,57.5,-1.79
2018-01-14T21:50:00,1515966600,16.5,180,57.5,-1.79
2018-01-14T21:50:00,1515966600,16.5,180,57.5,-1.79
2018-01-14T21:50:00,1515966600,16.5,180,57.5,-1.79
2018-01-14T21:50:00,1515966600,16.5,180,57.5,-1.79
2018-01-14T22:20:00,1515968400,14.9,180,57.5,-1.79
2018-01-14T22:20:00,1515968400,14.9,180,57.5,-1.79
2018-01-14T22:20:00,1515968400,14.9,180,57.5,-1.79
2018-01-14T22:20:00,1515968400,14.9,180,57.5,-1.79
2018-01-14T22:50:00,1515970200,13.4,190,57.5,-1.79
2018-01-14T22:50:00,1515970200,13.4,190,57.5,-1.79
2018-01-14T22:50:00,1515970200,13.4,190,57.5,-1.79
2018-01-14T23:20:00,1515972000,12.3,190,57.5,-1.79
2018-01-14T23:20:00,1515972000,12.3,190,57.5,-1.79
2018-01-14T23:20:00,1515972000,12.3,190,57.5,-1.79
2018-01-14T23:50:00,1515973800,13.9,190,57.5,-1.79
2018-01-14T23:50:00,1515973800,13.9,190,57.5,-1.79
2018-01-14T23:50:00,1515973800,13.9,190,57.5,-1.79
2018-01-14T23:50:00,1515973800,13.9,190,57.5,-1.79
2018-01-14T23:50:00,1515973800,13.9,190,57.5,-1.79
2018-01-15T00:20:00,1515975600,11.8,190,57.5,-1.79
2018-01-15T00:20:00,1515975600,11.8,190,57.5,-1.79
2018-01-15T00:50:00,1515977400,10.3,190,57.5,-1.79
2018-01-15T00:50:00,1515977400,10.3,190,57.5,-1.79
2018-01-15T00:50:00,1515977400,10.3,190,57.5,-1.79
2018-01-15T00:50:00,1515977400,10.3,190,57.5,-1.79
2018-01-15T01:20:00,1515979200,9.8,180,57.5,-1.79
2018-01-15T01:20:00,1515979200,9.8,180,57.5,-1.79
2018-01-15T01:20:00,1515979200,9.8,180,57.5,-1.79
2018-01-15T01:20:00,1515979200,9.8,180,57.5,-1.79
2018-01-15T01:50:00,1515981000,7.2,180,57.5,-1.79
2018-01-15T01:50:00,1515981000,7.2,180,57.5,-1.79
2018-01-15T01:50:00,1515981000,7.2,180,57.5,-1.79
2018-01-15T02:20:00,1515982800,7.2,180,57.5,-1.79
2018-01-15T02:20:00,1515982800,7.2,180,57.5,-1.79
2018-01-15T02:20:00,1515982800,7.2,180,57.5,-1.79
2018-01-15T02:20:00,1515982800,7.2,180,57.5,-1.79
2018-01-15T02:50:00,1515984600,6.7,160,57.5,-1.79
2018-01-15T02:50:00,1515984600,6.7,160,57.5,-1.79
2018-01-15T02:50:00,1515984600,6.7,160,57.5,-1.79
2018-01-15T02:50:00,1515984600,6.7,160,57.5,-1.79
2018-01-15T03:20:00,1515986400,5.1,190,57.5,-1.79
2018-01-15T03:20:00,1515986400,5.1,190,57.5,-1.79
2018-01-15T03:20:00,1515986400,5.1,190,57.5,-1.79
2018-01-15T03:50:00,1515988200,3.6,170,57.5,-1.79
2018-01-15T03:50:00,1515988200,3.6,170,57.5,-1.79
2018-01-15T03:50:00,1515988200,3.6,170,57.5,-1.79
2018-01-15T03:50:00,1515988200,3.6,170,57.5,-1.79
2018-01-15T04:20:00,1515990000,2.6,200,57.5,-1.79
2018-01-15T04:20:00,1515990000,2.6,200,57.5,-1.79
2018-01-15T04:20:00,1515990000,2.6,200,57.5,-1.79
2018-01-15T04:20:00,1515990000,2.6,200,57.5,-1.79
2018-01-15T04:50:00,1515991800,2.1,250,57.5,-1.79
2018-01-15T04:50:00,1515991800,2.1,250,57.5,-1.79
2018-01-15T04:50:00,1515991800,2.1,250,57.5,-1.79
2018-01-15T05:20:00,1515993600,1,,57.5,-1.79
2018-01-15T05:20:00,1515993600,1,,57.5,-1.79
2018-01-15T05:20:00,1515993600,1,,57.5,-1.79
2018-01-15T05:50:00,1515995400,1,,57.5,-1.79
2018-01-15T05:50:00,1515995400,1,,57.5,-1.79
2018-01-15T05:50:00,1515995400,1,,57.5,-1.79
2018-01-15T05:50:00,1515995400,1,,57.5,-1.79
2018-01-15T05:50:00,1515995400,1,,57.5,-1.79
2018-01-15T06:20:00,1515997200,3.1,210,57.5,-1.79
2018-01-15T06:20:00,1515997200,3.1,210,57.5,-1.79
2018-01-15T06:20:00,1515997200,3.1,210,57.5,-1.79
2018-01-15T06:50:00,1515999000,2.6,240,57.5,-1.79
2018-01-15T06:50:00,1515999000,2.6,240,57.5,-1.79
2018-01-15T06:50:00,1515999000,2.6,240,57.5,-1.79
2018-01-15T07:20:00,1516000800,2.6,260,57.5,-1.79
2018-01-15T07:20:00,1516000800,2.6,260,57.5,-1.79
2018-01-15T07:20:00,1516000800,2.6,260,57.5,-1.79
2018-01-15T07:20:00,1516000800,2.6,260,57.5,-1.79
2018-01-15T07:20:00,1516000800,2.6,260,57.5,-1.79
2018-01-15T07:50:00,1516002600,2.6,240,57.5,-1.79
2018-01-15T07:50:00,1516002600,2.6,240,57.5,-1.79
2018-01-15T08:20:00,1516004400,2.6,260,57.5,-1.79
2018-01-15T08:20:00,1516004400,2.6,260,57.5,-1.79
2018-01-15T08:20:00,1516004400,2.6,260,57.5,-1.79
2018-01-15T08:20:00,1516004400,2.6,260,57.5,-1.79
2018-01-15T08:50:00,1516006200,2.1,300,57.5,-1.79
2018-01-15T08:50:00,1516006200,2.1,300,57.5,-1.79
2018-01-15T08:50:00,1516006200,2.1,300,57.5,-1.79
2018-01-15T08:50:00,1516006200,2.1,300,57.5,-1.79
2018-01-15T09:20:00,1516008000,3.1,290,57.5,-1.79
2018-01-15T09:20:00,1516008000,3.1,290,57.5,-1.79
2018-01-15T09:20:00,1516008000,3.1,290,57.5,-1.79
2018-01-15T09:50:00,1516009800,3.1,250,57.5,-1.79
2018-01-15T09:50:00,1516009800,3.1,250,57.5,-1.79
2018-01-15T09:50:00,1516009800,3.1,250,57.5,-1.79
2018-01-15T09:50:00,1516009800,3.1,250,57.5,-1.79
2018-01-15T10:20:00,1516011600,1,,57.5,-1.79
2018-01-15T10:20:00,1516011600,1,,57.5,-1.79
2018-01-15T10:20:00,1516011600,1,,57.5,-1.79
2018-01-15T10:50:00,1516013400,2.1,230,57.5,-1.79
2018-01-15T10:50:00,1516013400,2.1,230,57.5,-1.79
2018-01-15T10:50:00,1516013400,2.1,230,57.5,-1.79
2018-01-15T10:50:00,1516013400,2.1,230,57.5,-1.79
2018-01-15T11:20:00,1516015200,4.1,230,57.5,-1.79
2018-01-15T11:20:00,1516015200,4.1,230,57.5,-1.79
2018-01-15T11:20:00,1516015200,4.1,230,57.5,-1.79
2018-01-15T11:20:00,1516015200,4.1,230,57.5,-1.79
2018-01-15T11:50:00,1516017000,4.1,260,57.5,-1.79
2018-01-15T11:50:00,1516017000,4.1,260,57.5,-1.79
2018-01-15T11:50:00,1516017000,4.1,260,57.5,-1.79
2018-01-15T11:50:00,1516017000,4.1,260,57.5,-1.79
2018-01-15T12:20:00,1516018800,4.6,260,57.5,-1.79
2018-01-15T12:20:00,1516018800,4.6,260,57.5,-1.79
2018-01-15T12:20:00,1516018800,4.6,260,57.5,-1.79
2018-01-15T12:50:00,1516020600,3.6,,57.5,-1.79
2018-01-15T12:50:00,1516020600,3.6,,57.5,-1.79
2018-01-15T12:50:00,1516020600,3.6,,57.5,-1.79
2018-01-15T13:20:00,1516022400,4.1,250,57.5,-1.79
2018-01-15T13:20:00,1516022400,4.1,250,57.5,-1.79
2018-01-15T13:20:00,1516022400,4.1,250,57.5,-1.79
2018-01-15T13:20:00,1516022400,4.1,250,57.5,-1.79
2018-01-15T13:50:00,1516024200,5.7,260,57.5,-1.79
2018-01-15T13:50:00,1516024200,5.7,260,57.5,-1.79
2018-01-15T13:50:00,1516024200,5.7,260,57.5,-1.79
2018-01-15T13:50:00,1516024200,5.7,260,57.5,-1.79
2018-01-15T14:20:00,1516026000,5.7,260,57.5,-1.79
2018-01-15T14:20:00,1516026000,5.7,260,57.5,-1.79
2018-01-15T14:20:00,1516026000,5.7,260,57.5,-1.79
2018-01-15T14:50:00,1516027800,5.1,250,57.5,-1.79
2018-01-15T14:50:00,1516027800,5.1,250,57.5,-1.79
2018-01-15T14:50:00,1516027800,5.1,250,57.5,-1.79
2018-01-15T14:50:00,1516027800,5.1,250,57.5,-1.79
2018-01-15T15:20:00,1516029600,5.1,260,57.5,-1.79
2018-01-15T15:20:00,1516029600,5.1,260,57.5,-1.79
2018-01-15T15:20:00,1516029600,5.1,260,57.5,-1.79
2018-01-15T15:50:00,1516031400,5.7,270,57.5,-1.79
2018-01-15T15:50:00,1516031400,5.7,270,57.5,-1.79
2018-01-15T15:50:00,1516031400,5.7,270,57.5,-1.79
2018-01-15T15:50:00,1516031400,5.7,270,57.5,-1.79
2018-01-15T16:20:00,1516033200,4.6,260,57.5,-1.79
2018-01-15T16:20:00,1516033200,4.6,260,57.5,-1.79
2018-01-15T16:20:00,1516033200,4.6,260,57.5,-1.79
2018-01-15T16:20:00,1516033200,4.6,260,57.5,-1.79
2018-01-15T16:50:00,1516035000,3.1,220,57.5,-1.79
2018-01-15T16:50:00,1516035000,3.1,220,57.5,-1.79
2018-01-15T16:50:00,1516035000,3.1,220,57.5,-1.79
2018-01-15T17:20:00,1516036800,4.6,200,57.5,-1.79
2018-01-15T17:20:00,1516036800,4.6,200,57.5,-1.79
2018-01-15T17:20:00,1516036800,4.6,200,57.5,-1.79
2018-01-15T17:20:00,1516036800,4.6,200,57.5,-1.79
2018-01-15T17:50:00,1516038600,2.6,210,57.5,-1.79
2018-01-15T17:50:00,1516038600,2.6,210,57.5,-1.79
2018-01-15T17:50:00,1516038600,2.6,210,57.5,-1.79
2018-01-15T18:20:00,1516040400,3.6,220,57.5,-1.79
2018-01-15T18:20:00,1516040400,3.6,220,57.5,-1.79
2018-01-15T18:20:00,1516040400,3.6,220,57.5,-1.79
2018-01-15T18:20:00,1516040400,3.6,220,57.5,-1.79
2018-01-15T18:20:00,1516040400,3.6,220,57.5,-1.79
2018-01-15T18:50:00,1516042200,3.1,240,57.5,-1.79
2018-01-15T18:50:00,1516042200,3.1,240,57.5,-1.79
2018-01-15T18:50:00,1516042200,3.1,240,57.5,-1.79
2018-01-15T19:20:00,1516044000,3.6,230,57.5,-1.79
2018-01-15T19:20:00,1516044000,3.6,230,57.5,-1.79
2018-01-15T19:20:00,1516044000,3.6,230,57.5,-1.79
2018-01-15T19:50:00,1516045800,5.1,260,57.5,-1.79
2018-01-15T19:50:00,1516045800,5.1,260,57.5,-1.79
2018-01-15T19:50:00,1516045800,5.1,260,57.5,-1.79
2018-01-15T19:50:00,1516045800,5.1,260,57.5,-1.79
2018-01-15T20:20:00,1516047600,5.7,240,57.5,-1.79
2018-01-15T20:20:00,1516047600,5.7,240,57.5,-1.79
2018-01-15T20:20:00,1516047600,5.7,240,57.5,-1.79
2018-01-15T20:50:00,1516049400,5.1,250,57.5,-1.79
2018-01-15T20:50:00,1516049400,5.1,250,57.5,-1.79
2018-01-15T20:50:00,1516049400,5.1,250,57.5,-1.79
2018-01-15T20:50:00,1516049400,5.1,250,57.5,-1.79
2018-01-15T21:20:00,1516051200,4.6,260,57.5,-1.79
2018-01-15T21:20:00,1516051200,4.6,260,57.5,-1.79
2018-01-15T21:20:00,1516051200,4.6,260,57.5,-1.79
2018-01-15T21:20:00,1516051200,4.6,260,57.5,-1.79
2018-01-15T21:50:00,1516053000,4.1,250,57.5,-1.79
2018-01-15T21:50:00,1516053000,4.1,250,57.5,-1.79
2018-01-15T21:50:00,1516053000,4.1,250,57.5,-1.79
2018-01-15T22:20:00,1516054800,4.6,250,57.5,-1.79
2018-01-15T22:20:00,1516054800,4.6,250,57.5,-1.79
2018-01-15T22:20:00,1516054800,4.6,250,57.5,-1.79
2018-01-15T22:20:00,1516054800,4.6,250,57.5,-1.79
2018-01-15T22:20:00,1516054800,4.6,250,57.5,-1.79
2018-01-15T22:50:00,1516056600,3.6,230,57.5,-1.79
2018-01-15T22:50:00,1516056600,3.6,230,57.5,-1.79
2018-01-15T22:50:00,1516056600,3.6,230,57.5,-1.79
2018-01-15T23:20:00,1516058400,4.1,220,57.5,-1.79
2018-01-15T23:20:00,1516058400,4.1,220,57.5,-1.79
2018-01-15T23:20:00,1516058400,4.1,220,57.5,-1.79
2018-01-15T23:50:00,1516060200,4.6,220,57.5,-1.79
2018-01-15T23:50:00,1516060200,4.6,220,57.5,-1.79
2018-01-15T23:50:00,1516060200,4.6,220,57.5,-1.79
2018-01-15T23:50:00,1516060200,4.6,220,57.5,-1.79
2018-01-16T00:20:00,1516062000,4.1,250,57.5,-1.79
2018-01-16T00:20:00,1516062000,4.1,250,57.5,-1.79
2018-01-16T00:20:00,1516062000,4.1,250,57.5,-1.79
2018-01-16T00:20:00,1516062000,4.1,250,57.5,-1.79
2018-01-16T00:50:00,1516063800,5.1,250,57.5,-1.79
2018-01-16T00:50:00,1516063800,5.1,250,57.5,-1.79
2018-01-16T00:50:00,1516063800,5.1,250,57.5,-1.79
2018-01-16T01:20:00,1516065600,4.6,240,57.5,-1.79
2018-01-16T01:20:00,1516065600,4.6,240,57.5,-1.79
2018-01-16T01:20:00,1516065600,4.6,240,57.5,-1.79
2018-01-16T01:50:00,1516067400,3.6,250,57.5,-1.79
2018-01-16T01:50:00,1516067400,3.6,250,57.5,-1.79
2018-01-16T01:50:00,1516067400,3.6,250,57.5,-1.79
2018-01-16T01:50:00,1516067400,3.6,250,57.5,-1.79
2018-01-16T02:20:00,1516069200,4.6,260,57.5,-1.79
2018-01-16T02:20:00,1516069200,4.6,260,57.5,-1.79
2018-01-16T02:20:00,1516069200,4.6,260,57.5,-1.79
2018-01-16T02:20:00,1516069200,4.6,260,57.5,-1.79
2018-01-16T02:50:00,1516071000,4.6,230,57.5,-1.79
2018-01-16T02:50:00,1516071000,4.6,230,57.5,-1.79
2018-01-16T02:50:00,1516071000,4.6,230,57.5,-1.79
2018-01-16T03:20:00,1516072800,4.1,240,57.5,-1.79
2018-01-16T03:20:00,1516072800,4.1,240,57.5,-1.79
2018-01-16T03:20:00,1516072800,4.1,240,57.5,-1.79
2018-01-16T03:20:00,1516072800,4.1,240,57.5,-1.79
2018-01-16T03:50:00,1516074600,4.1,230,57.5,-1.79
2018-01-16T03:50:00,1516074600,4.1,230,57.5,-1.79
2018-01-16T03:50:00,1516074600,4.1,230,57.5,-1.79
2018-01-16T04:20:00,1516076400,3.6,230,57.5,-1.79
2018-01-16T04:20:00,1516076400,3.6,230,57.5,-1.79
2018-01-16T04:20:00,1516076400,3.6,230,57.5,-1.79
2018-01-16T04:20:00,1516076400,3.6,230,57.5,-1.79
2018-01-16T04:50:00,1516078200,3.6,240,57.5,-1.79
2018-01-16T04:50:00,1516078200,3.6,240,57.5,-1.79
2018-01-16T04:50:00,1516078200,3.6,240,57.5,-1.79
2018-01-16T04:50:00,1516078200,3.6,240,57.5,-1.79
2018-01-16T05:20:00,1516080000,4.1,230,57.5,-1.79
2018-01-16T05:20:00,1516080000,4.1,230,57.5,-1.79
2018-01-16T05:20:00,1516080000,4.1,230,57.5,-1.79
2018-01-16T05:50:00,1516081800,5.7,250,57.5,-1.79
2018-01-16T05:50:00,1516081800,5.7,250,57.5,-1.79
2018-01-16T05:50:00,1516081800,5.7,250,57.5,-1.79
2018-01-16T05:50:00,1516081800,5.7,250,57.5,-1.79
2018-01-16T06:20:00,1516083600,5.7,230,57.5,-1.79
2018-01-16T06:20:00,1516083600,5.7,230,57.5,-1.79
2018-01-16T06:20:00,1516083600,5.7,230,57.5,-1.79
2018-01-16T06:20:00,1516083600,5.7,230,57.5,-1.79
2018-01-16T06:50:00,1516085400,4.1,230,57.5,-1.79
2018-01-16T06:50:00,1516085400,4.1,230,57.5,-1.79
2018-01-16T06:50:00,1516085400,4.1,230,57.5,-1.79
2018-01-16T07:20:00,1516087200,4.1,250,57.5,-1.79
2018-01-16T07:20:00,1516087200,4.1,250,57.5,-1.79
2018-01-16T07:20:00,1516087200,4.1,250,57.5,-1.79
