,1515179433,2.6,,,
,1515179734,2.6,,,
,1515180034,3.6,,,
,1515180334,3.6,,,
,1515180635,3.6,,,
,1515180935,3.6,,,
,1515181235,3.6,,,
,1515181535,3.6,,,
,1515181836,3.6,,,
,1515182136,3.6,,,
,1515182436,3.6,,,
,1515182737,3.6,,,
,1515183037,3.6,,,
,1515183337,3.6,,,
,1515183637,3.6,,,
,1515183938,3.6,,,
,1515184238,3.6,,,
,1515184538,3.6,,,
,1515184838,3.6,,,
,1515185139,3.6,,,
,1515185439,3.6,,,
,1515185739,3.1,,,
,1515186040,3.1,,,
,1515186340,3.1,,,
,1515186640,3.1,,,
,1515186941,3.1,,,
,1515187241,3.1,,,
,1515187541,4.6,,,
,1515187842,4.6,,,
,1515188142,4.6,,,
,1515188442,4.6,,,
,1515188743,4.6,,,
,1515189043,4.6,,,
,1515189343,4.1,,,
,1515189644,4.1,,,
,1515189944,4.1,,,
,1515190244,4.1,,,
,1515190544,4.1,,,
,1515190845,4.1,,,
,1515191145,4.1,,,
,1515191445,4.1,,,
,1515191746,4.1,,,
,1515192046,4.1,,,
,1515192346,4.1,,,
,1515192647,4.1,,,
,1515192947,2.1,,,
,1515193247,2.1,,,
,1515193547,2.1,,,
,1515193848,2.1,,,
,1515194148,2.1,,,
,1515194448,2.1,,,
,1515194748,4.1,,,
,1515195049,4.1,,,
,1515195349,4.1,,,
,1515195649,4.1,,,
,1515195949,4.1,,,
,1515196250,4.1,,,
,1515196550,2.6,,,
,1515196850,2.6,,,
,1515197150,2.6,,,
,1515197451,2.6,,,
,1515197751,2.6,,,
,1515198051,2.6,,,
,1515198351,3.6,,,
,1515198652,3.6,,,
,1515198952,3.6,,,
,1515199252,3.6,,,
,1515199552,3.6,,,
,1515199852,3.6,,,
,1515200153,4.1,,,
,1515200453,4.1,,,
,1515200753,4.1,,,
,1515201053,4.1,,,
,1515201353,4.1,,,
,1515201654,4.1,,,
,1515201954,4.1,,,
,1515202254,4.1,,,
,1515202554,4.1,,,
,1515202854,4.1,,,
,1515203155,4.1,,,
,1515203455,4.1,,,
,1515203755,4.6,,,
,1515204055,4.6,,,
,1515204355,4.6,,,
,1515204655,4.6,,,
,1515204955,4.6,,,
,1515205256,4.6,,,
,1515205556,3.1,,,
,1515205856,3.1,,,
,1515206156,3.1,,,
,1515206456,3.1,,,
,1515206756,3.1,,,
,1515207057,3.1,,,
,1515207357,3.1,,,
,1515207657,3.1,,,
,1515207957,3.1,,,
,1515208257,3.1,,,
,1515208557,3.1,,,
,1515208858,3.1,,,
,1515209158,5.1,,,
,1515209458,5.1,,,
,1515209758,5.1,,,
,1515210058,5.1,,,
,1515210358,5.1,,,
,1515210659,5.1,,,
,1515210959,3.6,,,
,1515211259,3.6,,,
,1515211559,3.6,,,
,1515211859,3.6,,,
,1515212159,3.6,,,
,1515212460,3.6,,,
,1515212760,3.6,,,
,1515213060,3.6,,,
,1515213360,3.6,,,
,1515213660,3.6,,,
,1515213960,3.6,,,
,1515214261,3.6,,,
,1515214561,4.6,,,
,1515214861,4.6,,,
,1515215161,4.6,,,
,1515215461,4.6,,,
,1515215761,4.6,,,
,1515216062,4.6,,,
,1515216362,6.2,,,
,1515216662,6.2,,,
,1515216962,6.2,,,
,1515217262,6.2,,,
,1515217563,6.2,,,
,1515217863,6.2,,,
,1515218163,4.1,,,
,1515218463,4.1,,,
,1515218763,4.1,,,
,1515219064,4.1,,,
,1515219364,4.1,,,
,1515219664,4.1,,,
,1515219964,5.1,,,
,1515220264,5.1,,,
,1515220564,5.1,,,
,1515220865,5.1,,,
,1515221165,5.1,,,
,1515221465,5.1,,,
,1515221765,5.7,,,
,1515222065,5.7,,,
,1515222365,5.7,,,
,1515222666,5.7,,,
,1515222966,5.7,,,
,1515223266,5.7,,,
,1515223566,5.7,,,
,1515223866,5.7,,,
,1515224166,5.7,,,
,1515224467,5.7,,,
,1515224767,5.7,,,
,1515225067,5.7,,,
,1515225367,6.2,,,
,1515225667,6.2,,,
,1515225967,6.2,,,
,1515226268,6.2,,,
,1515226568,6.2,,,
,1515226868,6.2,,,
,1515227168,5.1,,,
,1515227468,5.1,,,
,1515227768,5.1,,,
,1515228069,5.1,,,
,1515228369,5.1,,,
,1515228669,5.1,,,
,1515228969,4.6,,,
,1515229269,4.6,,,
,1515229570,4.6,,,
,1515229870,4.6,,,
,1515230170,4.6,,,
,1515230470,4.6,,,
,1515230770,4.6,,,
,1515231070,4.6,,,
,1515231371,4.6,,,
,1515231671,4.6,,,
,1515231971,4.6,,,
,1515232271,4.6,,,
,1515232571,5.1,,,
,1515232871,5.1,,,
,1515233172,5.1,,,
,1515233472,5.1,,,
,1515233772,5.1,,,
,1515234072,5.1,,,
,1515234372,5.1,,,
,1515234672,5.1,,,
,1515234973,5.1,,,
,1515235273,5.1,,,
,1515235573,5.1,,,
,1515235873,5.1,,,
,1515236173,5.1,,,
,1515236473,5.1,,,
,1515236774,5.1,,,
,1515237074,5.1,,,
,1515237374,5.1,,,
,1515237674,5.1,,,
,1515237974,5.1,,,
,1515238275,5.1,,,
,1515238575,5.1,,,
,1515238875,5.1,,,
,1515239175,5.1,,,
,1515239475,5.1,,,
,1515239776,5.1,,,
,1515240076,5.1,,,
,1515240376,5.1,,,
,1515240676,5.1,,,
,1515240977,5.1,,,
,1515241277,5.1,,,
,1515241577,4.1,,,
,1515241877,4.1,,,
,1515242177,4.1,,,
,1515242478,4.1,,,
,1515242778,4.1,,,
,1515243078,4.1,,,
,1515243379,5.1,,,
,1515243679,5.1,,,
,1515243979,5.1,,,
,1515244280,5.1,,,
,1515244580,5.1,,,
,1515244880,5.1,,,
,1515245180,4.6,,,
,1515245481,4.6,,,
,1515245781,4.6,,,
,1515246081,4.6,,,
,1515246381,4.6,,,
,1515246682,4.6,,,
,1515246982,4.1,,,
,1515247282,4.1,,,
,1515247582,4.1,,,
,1515247883,4.1,,,
,1515248183,4.1,,,
,1515248483,4.1,,,
,1515248784,4.1,,,
,1515249084,4.1,,,
,1515249384,4.1,,,
,1515249684,4.1,,,
,1515249985,4.1,,,
,1515250285,4.1,,,
,1515250585,4.6,,,
,1515250886,4.6,,,
,1515251186,4.6,,,
,1515251486,4.6,,,
,1515251787,4.6,,,
,1515252087,4.6,,,
,1515252387,4.6,,,
,1515252688,4.6,,,
,1515252989,4.6,,,
,1515253289,4.6,,,
,1515253589,4.6,,,
,1515253890,4.6,,,
,1515254190,5.1,,,
,1515254490,5.1,,,
,1515254791,5.1,,,
,1515255091,5.1,,,
,1515255391,5.1,,,
,1515255692,5.1,,,
,1515255992,3.6,,,
,1515256292,3.6,,,
,1515256592,3.6,,,
,1515256893,3.6,,,
,1515257193,3.6,,,
,1515257493,3.6,,,
,1515257793,4.1,,,
,1515258094,4.1,,,
,1515258394,4.1,,,
,1515258694,4.1,,,
,1515258994,4.1,,,
,1515259295,4.1,,,
,1515259595,3.6,,,
,1515259895,3.6,,,
,1515260196,3.6,,,
,1515260496,3.6,,,
,1515260796,3.6,,,
,1515261097,3.6,,,
,1515261398,3.6,,,
,1515261698,3.6,,,
,1515261998,3.6,,,
,1515262299,3.6,,,
,1515262600,3.6,,,
,1515262900,3.6,,,
,1515263200,4.1,,,
,1515263501,4.1,,,
,1515263801,4.1,,,
,1515264101,4.1,,,
,1515264401,4.1,,,
,1515264702,4.1,,,
,1515265002,4.1,,,
,1515265302,4.1,,,
,1515265603,4.1,,,
,1515265903,4.1,,,
,1515266203,4.1,,,
,1515266503,4.1,,,
,1515266804,2.6,,,
,1515267104,2.6,,,
,1515267404,2.6,,,
,1515267705,2.6,,,
,1515268005,2.6,,,
,1515268305,2.6,,,
,1515268606,2.1,,,
,1515268906,2.1,,,
,1515269206,2.1,,,
,1515269506,2.1,,,
,1515269807,2.1,,,
,1515270107,2.1,,,
,1515270407,1.0,,,
,1515270708,1.0,,,
,1515271008,1.0,,,
,1515271308,1.0,,,
,1515271608,1.0,,,
,1515271909,1.0,,,
,1515272209,3.1,,,
,1515272509,3.1,,,
,1515272810,3.1,,,
,1515273110,3.1,,,
,1515273410,3.1,,,
,1515273711,3.1,,,
,1515274011,1.5,,,
,1515274311,1.5,,,
,1515274612,1.5,,,
,1515274912,1.5,,,
,1515275212,1.5,,,
,1515275512,1.5,,,
,1515275813,1.0,,,
,1515276113,1.0,,,
,1515276413,1.0,,,
,1515276713,1.0,,,
,1515277014,1.0,,,
,1515277314,1.0,,,
,1515277614,3.1,,,
,1515277914,3.1,,,
,1515278215,3.1,,,
,1515278515,3.1,,,
,1515278815,3.1,,,
,1515279116,3.1,,,
,1515279416,2.6,,,
,1515279716,2.6,,,
,1515280017,2.6,,,
,1515280317,2.6,,,
,1515280617,2.6,,,
,1515280917,2.6,,,
,1515281218,2.6,,,
,1515281518,2.6,,,
,1515281818,2.6,,,
,1515282118,2.6,,,
,1515282419,2.6,,,
,1515282719,2.6,,,
,1515283019,1.0,,,
,1515283319,1.0,,,
,1515283619,1.0,,,
,1515283920,1.0,,,
,1515284220,1.0,,,
,1515284520,1.0,,,
,1515284820,0.5,,,
,1515285121,0.5,,,
,1515285421,0.5,,,
,1515285721,0.5,,,
,1515286021,0.5,,,
,1515286321,0.5,,,
,1515286622,1.5,,,
,1515286922,1.5,,,
,1515287222,1.5,,,
,1515287522,1.5,,,
,1515287822,1.5,,,
,1515288122,1.5,,,
,1515288423,1.0,,,
,1515288723,1.0,,,
,1515289023,1.0,,,
,1515289323,1.0,,,
,1515289623,1.0,,,
,1515289923,1.0,,,
,1515290224,0.5,,,
,1515290524,0.5,,,
,1515290824,0.5,,,
,1515291124,0.5,,,
,1515291424,0.5,,,
,1515291724,0.5,,,
,1515292025,0.5,,,
,1515292325,0.5,,,
,1515292625,0.5,,,
,1515292925,0.5,,,
,1515293225,0.5,,,
,1515293525,0.5,,,
,1515293825,0.5,,,
,1515294126,0.5,,,
,1515294426,0.5,,,
,1515294726,0.5,,,
,1515295026,0.5,,,
,1515295326,0.5,,,
,1515295626,0.5,,,
,1515295927,0.5,,,
,1515296227,0.5,,,
,1515296527,0.5,,,
,1515296827,0.5,,,
,1515297127,0.5,,,
,1515297428,1.0,,,
,1515297728,1.0,,,
,1515298028,1.0,,,
,1515298328,1.0,,,
,1515298628,1.0,,,
,1515298928,1.0,,,
,1515299228,1.0,,,
,1515299529,1.0,,,
,1515299829,1.0,,,
,1515300129,1.0,,,
,1515300429,1.0,,,
,1515300729,1.0,,,
,1515301029,1.0,,,
,1515301330,1.0,,,
,1515301630,1.0,,,
,1515301930,1.0,,,
,1515302230,1.0,,,
,1515302530,1.0,,,
,1515302830,0.5,,,
,1515303131,0.5,,,
,1515303431,0.5,,,
,1515303731,0.5,,,
,1515304031,0.5,,,
,1515304331,0.5,,,
,1515304632,0.5,,,
,1515304932,0.5,,,
,1515305232,0.5,,,
,1515305532,0.5,,,
,1515305832,0.5,,,
,1515306132,0.5,,,
,1515306433,0.5,,,
,1515306733,0.5,,,
,1515307033,0.5,,,
,1515307333,0.5,,,
,1515307633,0.5,,,
,1515307933,0.5,,,
,1515308234,0.5,,,
,1515308534,0.5,,,
,1515308834,0.5,,,
,1515309134,0.5,,,
,1515309434,0.5,,,
,1515309735,0.5,,,
,1515310035,0.5,,,
,1515310335,0.5,,,
,1515310635,0.5,,,
,1515310935,0.5,,,
,1515311235,0.5,,,
,1515311535,0.5,,,
,1515311836,1.5,,,
,1515312136,1.5,,,
,1515312436,1.5,,,
,1515312736,1.5,,,
,1515313036,1.5,,,
,1515313336,1.5,,,
,1515313637,1.5,,,
,1515313937,1.5,,,
,1515314237,1.5,,,
,1515314537,1.5,,,
,1515314837,1.5,,,
,1515315137,1.5,,,
,1515315438,1.0,,,
,1515315738,1.0,,,
,1515316038,1.0,,,
,1515316338,0.0,,,
,1515316638,0.0,,,
,1515316938,0.0,,,
,1515317239,1.0,,,
,1515317539,1.0,,,
,1515317839,1.0,,,
,1515318139,1.0,,,
,1515318439,1.0,,,
,1515318739,1.0,,,
,1515319040,1.0,,,
,1515319340,1.0,,,
,1515319640,1.0,,,
,1515319940,1.0,,,
,1515320240,1.0,,,
,1515320540,1.0,,,
,1515320841,1.0,,,
,1515321141,1.0,,,
,1515321441,1.0,,,
,1515321741,1.0,,,
,1515322041,1.0,,,
,1515322341,1.0,,,
,1515322642,2.1,,,
,1515322942,2.1,,,
,1515323242,2.1,,,
,1515323542,2.1,,,
,1515323842,2.1,,,
,1515324142,2.1,,,
,1515324443,2.6,,,
,1515324743,2.6,,,
,1515325043,2.6,,,
,1515325343,2.6,,,
,1515325643,2.6,,,
,1515325944,2.6,,,
,1515326244,1.5,,,
,1515326544,1.5,,,
,1515326844,1.5,,,
,1515327144,1.5,,,
,1515327445,1.5,,,
,1515327745,1.5,,,
,1515328045,3.6,,,
,1515328345,3.6,,,
,1515328645,3.6,,,
,1515328946,3.6,,,
,1515329246,3.6,,,
,1515329546,3.6,,,
,1515329846,3.1,,,
,1515330147,3.1,,,
,1515330447,3.1,,,
,1515330747,3.1,,,
,1515331047,3.1,,,
,1515331348,3.1,,,
,1515331648,4.6,,,
,1515331948,4.6,,,
,1515332248,4.6,,,
,1515332549,4.6,,,
,1515332849,4.6,,,
,1515333149,4.6,,,
,1515333449,3.1,,,
,1515333750,3.1,,,
,1515334050,3.1,,,
,1515334350,3.1,,,
,1515334650,3.1,,,
,1515334951,3.1,,,
,1515335251,2.6,,,
,1515335551,2.6,,,
,1515335851,2.6,,,
,1515336152,2.6,,,
,1515336452,2.6,,,
,1515336752,2.6,,,
,1515337052,2.6,,,
,1515337353,2.6,,,
,1515337653,2.6,,,
,1515337953,2.6,,,
,1515338254,2.6,,,
,1515338554,2.6,,,
,1515338854,2.6,,,
,1515339155,2.6,,,
,1515339455,2.6,,,
,1515339755,2.6,,,
,1515340055,2.6,,,
,1515340356,2.6,,,
,1515340656,2.1,,,
,1515340956,2.1,,,
,1515341257,2.1,,,
,1515341557,2.1,,,
,1515341857,2.1,,,
,1515342158,2.1,,,
,1515342458,1.5,,,
,1515342758,1.5,,,
,1515343059,1.5,,,
,1515343359,1.5,,,
,1515343659,1.5,,,
,1515343959,1.5,,,
,1515344260,2.1,,,
,1515344560,2.1,,,
,1515344860,2.1,,,
,1515345161,2.1,,,
,1515345461,2.1,,,
,1515345761,2.1,,,
,1515346061,1.0,,,
,1515346362,1.0,,,
,1515346662,1.0,,,
,1515346962,1.0,,,
,1515347263,1.0,,,
,1515347563,1.0,,,
,1515347863,1.0,,,
,1515348163,1.0,,,
,1515348464,1.0,,,
,1515348764,1.0,,,
,1515349064,1.0,,,
,1515349365,1.0,,,
,1515349665,0.5,,,
,1515349965,0.5,,,
,1515350265,0.5,,,
,1515350566,0.5,,,
,1515350866,0.5,,,
,1515351166,0.5,,,
,1515351467,0.5,,,
,1515351767,0.5,,,
,1515352067,0.5,,,
,1515352367,0.5,,,
,1515352668,0.5,,,
,1515352968,0.5,,,
,1515353268,0.5,,,
,1515353568,0.5,,,
,1515353869,0.5,,,
,1515354169,0.5,,,
,1515354469,0.5,,,
,1515354769,0.5,,,
,1515355069,0.5,,,
,1515355370,0.5,,,
,1515355670,0.5,,,
,1515355970,0.5,,,
,1515356270,0.5,,,
,1515356571,0.5,,,
,1515356871,1.0,,,
,1515357171,1.0,,,
,1515357471,1.0,,,
,1515357772,1.0,,,
,1515358072,1.0,,,
,1515358372,1.0,,,
,1515358672,0.5,,,
,1515358972,0.5,,,
,1515359273,0.5,,,
,1515359573,0.5,,,
,1515359873,0.5,,,
,1515360173,0.5,,,
,1515360474,3.9,,,
,1515360774,3.9,,,
,1515361074,3.9,,,
,1515361374,3.9,,,
,1515361675,3.9,,,
,1515361975,3.9,,,
,1515362275,0.5,,,
,1515362575,0.5,,,
,1515362875,0.5,,,
,1515363175,0.5,,,
,1515363476,0.5,,,
,1515363776,0.5,,,
,1515364076,1.0,,,
,1515364376,1.0,,,
,1515364676,1.0,,,
,1515364976,1.0,,,
,1515365277,1.0,,,
,1515365577,1.0,,,
,1515365877,0.5,,,
,1515366177,0.5,,,
,1515366477,0.5,,,
,1515366777,0.5,,,
,1515367078,0.5,,,
,1515367378,0.5,,,
,1515367678,2.1,,,
,1515367978,2.1,,,
,1515368278,2.1,,,
,1515368578,2.1,,,
,1515368879,2.1,,,
,1515369179,2.1,,,
,1515369479,1.5,,,
,1515369779,1.5,,,
,1515370079,1.5,,,
,1515370379,1.5,,,
,1515370680,1.5,,,
,1515370980,1.5,,,
,1515371280,1.5,,,
,1515371580,1.5,,,
,1515371880,1.5,,,
,1515372180,1.5,,,
,1515372481,1.5,,,
,1515372781,1.5,,,
,1515373081,3.6,,,
,1515373381,3.6,,,
,1515373681,3.6,,,
,1515373981,3.6,,,
,1515374282,3.6,,,
,1515374582,3.6,,,
,1515374882,3.6,,,
,1515375182,3.6,,,
,1515375482,3.6,,,
,1515375782,3.6,,,
,1515376083,3.6,,,
,1515376383,3.6,,,
,1515376683,4.6,,,
,1515376983,4.6,,,
,1515377283,4.6,,,
,1515377584,4.6,,,
,1515377884,4.6,,,
,1515378184,4.6,,,
,1515378484,4.6,,,
,1515378784,4.6,,,
,1515379084,4.6,,,
,1515379385,4.6,,,
,1515379685,4.6,,,
,1515379985,4.6,,,
,1515380285,2.1,,,
,1515380585,2.1,,,
,1515380885,2.1,,,
,1515381186,2.1,,,
,1515381486,2.1,,,
,1515381786,2.1,,,
,1515382086,2.1,,,
,1515382386,2.1,,,
,1515382687,2.1,,,
,1515382987,2.1,,,
,1515383287,2.1,,,
,1515383587,2.1,,,
,1515383887,3.1,,,
,1515384187,3.1,,,
,1515384488,3.1,,,
,1515384788,3.1,,,
,1515385088,3.1,,,
,1515385388,3.1,,,
,1515385688,3.1,,,
,1515385988,3.1,,,
,1515386288,3.1,,,
,1515386589,3.1,,,
,1515386889,3.1,,,
,1515387189,3.1,,,
,1515387489,4.6,,,
,1515387789,4.6,,,
,1515388090,4.6,,,
,1515388390,4.6,,,
,1515388690,4.6,,,
,1515388990,4.6,,,
,1515389290,2.1,,,
,1515389590,2.1,,,
,1515389891,2.1,,,
,1515390191,2.1,,,
,1515390491,2.1,,,
,1515390791,2.1,,,
,1515391091,2.6,,,
,1515391391,2.6,,,
,1515391692,2.6,,,
,1515391992,2.6,,,
,1515392292,2.6,,,
,1515392592,2.6,,,
,1515392892,4.1,,,
,1515393193,4.1,,,
,1515393493,4.1,,,
,1515393793,4.1,,,
,1515394093,4.1,,,
,1515394393,4.1,,,
,1515394693,4.6,,,
,1515394994,4.6,,,
,1515395294,4.6,,,
,1515395594,4.6,,,
,1515395894,4.6,,,
,1515396194,4.6,,,
,1515396494,4.1,,,
,1515396795,4.1,,,
,1515397095,4.1,,,
,1515397395,4.1,,,
,1515397695,4.1,,,
,1515397995,4.1,,,
,1515398295,3.6,,,
,1515398596,3.6,,,
,1515398896,3.6,,,
,1515399196,3.6,,,
,1515399496,3.6,,,
,1515399796,3.6,,,
,1515400097,4.1,,,
,1515400397,4.1,,,
,1515400697,4.1,,,
,1515400997,4.1,,,
,1515401297,4.1,,,
,1515401597,4.1,,,
,1515401898,3.6,,,
,1515402198,3.6,,,
,1515402498,3.6,,,
,1515402798,3.6,,,
,1515403098,3.6,,,
,1515403399,3.6,,,
,1515403699,3.1,,,
,1515403999,3.1,,,
,1515404299,3.1,,,
,1515404599,3.1,,,
,1515404899,3.1,,,
,1515405200,3.1,,,
,1515405500,3.6,,,
,1515405800,3.6,,,
,1515406100,3.6,,,
,1515406400,3.6,,,
,1515406701,3.6,,,
,1515407001,3.6,,,
,1515407301,3.1,,,
,1515407601,3.1,,,
,1515407901,3.1,,,
,1515408201,3.1,,,
,1515408502,3.1,,,
,1515408802,3.1,,,
,1515409102,3.1,,,
,1515409402,3.1,,,
,1515409702,3.1,,,
,1515410003,3.1,,,
,1515410303,3.1,,,
,1515410603,3.1,,,
,1515410903,1.5,,,
,1515411203,1.5,,,
,1515411503,1.5,,,
,1515411804,1.5,,,
,1515412104,1.5,,,
,1515412404,1.5,,,
,1515412704,2.6,,,
,1515413004,2.6,,,
,1515413304,2.6,,,
,1515413605,2.6,,,
,1515413905,2.6,,,
,1515414205,2.6,,,
,1515414505,4.1,,,
,1515414805,4.1,,,
,1515415106,4.1,,,
,1515415406,4.1,,,
,1515415706,4.1,,,
,1515416006,4.1,,,
,1515416306,6.2,,,
,1515416606,6.2,,,
,1515416907,6.2,,,
,1515417207,6.2,,,
,1515417507,6.2,,,
,1515417807,6.2,,,
,1515418107,6.7,,,
,1515418407,6.7,,,
,1515418708,6.7,,,
,1515419008,6.7,,,
,1515419308,6.7,,,
,1515419608,6.7,,,
,1515419908,6.7,,,
,1515420209,6.7,,,
,1515420509,6.7,,,
,1515420809,6.7,,,
,1515421109,6.7,,,
,1515421409,6.7,,,
,1515421710,6.7,,,
,1515422010,6.7,,,
,1515422310,6.7,,,
,1515422610,6.7,,,
,1515422910,6.7,,,
,1515423211,6.7,,,
,1515423511,5.7,,,
,1515423811,5.7,,,
,1515424111,5.7,,,
,1515424411,5.7,,,
,1515424711,5.7,,,
,1515425012,5.7,,,
,1515425312,6.7,,,
,1515425612,6.7,,,
,1515425912,6.7,,,
,1515426212,6.7,,,
,1515426513,6.7,,,
,1515426813,6.7,,,
,1515427113,5.7,,,
,1515427413,5.7,,,
,1515427713,5.7,,,
,1515428014,5.7,,,
,1515428314,5.7,,,
,1515428614,5.7,,,
,1515428914,5.7,,,
,1515429214,5.7,,,
,1515429515,5.7,,,
,1515429815,5.7,,,
,1515430115,5.7,,,
,1515430415,5.7,,,
,1515430715,5.7,,,
,1515431016,5.7,,,
,1515431316,5.7,,,
,1515431616,5.7,,,
,1515431916,5.7,,,
,1515432216,5.7,,,
,1515432516,5.7,,,
,1515432817,5.7,,,
,1515433117,5.7,,,
,1515433417,5.7,,,
,1515433717,5.7,,,
,1515434017,5.7,,,
,1515434318,6.7,,,
,1515434618,6.7,,,
,1515434918,6.7,,,
,1515435218,6.7,,,
,1515435518,6.7,,,
,1515435818,6.7,,,
,1515436119,6.7,,,
,1515436419,6.7,,,
,1515436719,6.7,,,
,1515437019,6.7,,,
,1515437319,6.7,,,
,1515437619,6.7,,,
,1515437919,8.2,,,
,1515438220,8.2,,,
,1515438520,8.2,,,
,1515438820,8.2,,,
,1515439120,8.2,,,
,1515439420,8.2,,,
,1515439721,7.7,,,
,1515440021,7.7,,,
,1515440321,7.7,,,
,1515440621,7.7,,,
,1515440921,7.7,,,
,1515441222,7.7,,,
,1515441522,7.7,,,
,1515441822,7.7,,,
,1515442122,7.7,,,
,1515442423,7.7,,,
,1515442723,7.7,,,
,1515443023,7.7,,,
,1515443323,8.2,,,
,1515443624,8.2,,,
,1515443924,8.2,,,
,1515444224,8.2,,,
,1515444524,8.2,,,
,1515444825,8.2,,,
,1515445125,8.2,,,
,1515445425,8.2,,,
,1515445725,8.2,,,
,1515446025,8.2,,,
,1515446326,8.2,,,
,1515446626,8.2,,,
,1515446926,6.7,,,
,1515447226,6.7,,,
,1515447527,6.7,,,
,1515447827,6.7,,,
,1515448127,6.7,,,
,1515448428,6.7,,,
,1515448728,8.7,,,
,1515449028,8.7,,,
,1515449328,8.7,,,
,1515449629,8.7,,,
,1515449929,8.7,,,
,1515450229,8.7,,,
,1515450529,8.2,,,
,1515450830,8.2,,,
,1515451130,8.2,,,
,1515451431,8.2,,,
,1515451731,8.2,,,
,1515452032,8.2,,,
,1515452333,7.2,,,
,1515452633,7.2,,,
,1515452933,7.2,,,
,1515453234,7.2,,,
,1515453534,7.2,,,
,1515453834,7.2,,,
,1515454134,7.2,,,
,1515454434,7.2,,,
,1515454735,7.2,,,
,1515455035,7.2,,,
,1515455335,7.2,,,
,1515455635,7.2,,,
,1515455935,7.2,,,
,1515456235,7.2,,,
,1515456535,7.2,,,
,1515456836,7.2,,,
,1515457136,7.2,,,
,1515457436,7.2,,,
,1515457736,6.2,,,
,1515458036,6.2,,,
,1515458337,6.2,,,
,1515458637,6.2,,,
,1515458937,6.2,,,
,1515459237,6.2,,,
,1515459537,5.7,,,
,1515459837,5.7,,,
,1515460138,5.7,,,
,1515460438,5.7,,,
,1515460738,5.7,,,
,1515461038,5.7,,,
,1515461338,6.7,,,
,1515461638,6.7,,,
,1515461939,6.7,,,
,1515462239,6.7,,,
,1515462539,6.7,,,
,1515462839,6.7,,,
,1515463139,4.6,,,
,1515463439,4.6,,,
,1515463740,4.6,,,
,1515464040,4.6,,,
,1515464340,4.6,,,
,1515464640,4.6,,,
,1515464940,5.1,,,
,1515465240,5.1,,,
,1515465541,5.1,,,
,1515465841,5.1,,,
,1515466141,5.1,,,
,1515466441,5.1,,,
,1515466741,5.7,,,
,1515467041,5.7,,,
,1515467342,5.7,,,
,1515467642,5.7,,,
,1515467942,5.7,,,
,1515468242,5.7,,,
,1515468542,5.1,,,
,1515468843,5.1,,,
,1515469143,5.1,,,
,1515469443,5.1,,,
,1515469743,5.1,,,
,1515470043,5.1,,,
,1515470343,7.2,,,
,1515470644,7.2,,,
,1515470944,7.2,,,
,1515471244,7.2,,,
,1515471544,7.2,,,
,1515471844,7.2,,,
,1515472144,5.1,,,
,1515472444,5.1,,,
,1515472745,5.1,,,
,1515473045,5.1,,,
,1515473345,5.1,,,
,1515473645,5.1,,,
,1515473945,7.2,,,
,1515474245,7.2,,,
,1515474546,7.2,,,
,1515474846,7.2,,,
,1515475146,7.2,,,
,1515475446,7.2,,,
,1515475746,5.7,,,
,1515476046,5.7,,,
,1515476347,5.7,,,
,1515476647,5.7,,,
,1515476947,5.7,,,
,1515477247,5.7,,,
,1515477547,6.2,,,
,1515477847,6.2,,,
,1515478148,6.2,,,
,1515478448,6.2,,,
,1515478748,6.2,,,
,1515479048,6.2,,,
,1515479348,4.6,,,
,1515479648,4.6,,,
,1515479949,4.6,,,
,1515480249,4.6,,,
,1515480549,4.6,,,
,1515480849,4.6,,,
,1515481149,6.7,,,
,1515481450,6.7,,,
,1515481750,6.7,,,
,1515482050,6.7,,,
,1515482350,6.7,,,
,1515482650,6.7,,,
,1515482950,6.2,,,
,1515483251,6.2,,,
,1515483551,6.2,,,
,1515483851,6.2,,,
,1515484151,6.2,,,
,1515484451,6.2,,,
,1515484751,7.2,,,
,1515485052,7.2,,,
,1515485352,7.2,,,
,1515485652,7.2,,,
,1515485952,7.2,,,
,1515486252,7.2,,,
,1515486552,6.2,,,
,1515486853,6.2,,,
,1515487153,6.2,,,
,1515487453,6.2,,,
,1515487753,6.2,,,
,1515488053,6.2,,,
,1515488353,6.7,,,
,1515488654,6.7,,,
,1515488954,6.7,,,
,1515489254,6.7,,,
,1515489554,6.7,,,
,1515489854,6.7,,,
,1515490154,7.7,,,
,1515490455,7.7,,,
,1515490755,7.7,,,
,1515491055,7.7,,,
,1515491355,7.7,,,
,1515491655,7.7,,,
,1515491956,6.2,,,
,1515492256,6.2,,,
,1515492556,6.2,,,
,1515492856,6.2,,,
,1515493156,6.2,,,
,1515493456,6.2,,,
,1515493757,6.2,,,
,1515494057,6.2,,,
,1515494357,6.2,,,
,1515494657,6.2,,,
,1515494957,6.2,,,
,1515495257,6.2,,,
,1515495558,6.7,,,
,1515495858,6.7,,,
,1515496158,6.7,,,
,1515496458,6.7,,,
,1515496758,6.7,,,
,1515497058,6.7,,,
,1515497359,6.2,,,
,1515497659,6.2,,,
,1515497959,6.2,,,
,1515498259,6.2,,,
,1515498559,6.2,,,
,1515498859,6.2,,,
,1515499160,6.7,,,
,1515499460,6.7,,,
,1515499760,6.7,,,
,1515500060,6.7,,,
,1515500360,6.7,,,
,1515500661,6.7,,,
,1515500961,6.2,,,
,1515501261,6.2,,,
,1515501561,6.2,,,
,1515501861,6.2,,,
,1515502161,6.2,,,
,1515502462,6.2,,,
,1515502762,5.7,,,
,1515503062,5.7,,,
,1515503362,5.7,,,
,1515503662,5.7,,,
,1515503962,5.7,,,
,1515504263,5.7,,,
,1515504563,5.1,,,
,1515504863,5.1,,,
,1515505163,5.1,,,
,1515505463,5.1,,,
,1515505764,5.1,,,
,1515506064,5.1,,,
,1515506364,4.6,,,
,1515506664,4.6,,,
,1515506964,4.6,,,
,1515507264,4.6,,,
,1515507565,4.6,,,
,1515507865,4.6,,,
,1515508165,6.2,,,
,1515508465,6.2,,,
,1515508765,6.2,,,
,1515509065,6.2,,,
,1515509366,6.2,,,
,1515509666,6.2,,,
,1515509966,5.7,,,
,1515510266,5.7,,,
,1515510567,5.7,,,
,1515510867,5.7,,,
,1515511167,5.7,,,
,1515511467,5.7,,,
,1515511767,6.7,,,
,1515512068,6.7,,,
,1515512368,6.7,,,
,1515512668,6.7,,,
,1515512968,6.7,,,
,1515513269,6.7,,,
,1515513569,5.7,,,
,1515513869,5.7,,,
,1515514169,5.7,,,
,1515514469,5.7,,,
,1515514770,5.7,,,
,1515515070,5.7,,,
,1515515370,5.7,,,
,1515515670,5.7,,,
,1515515970,5.7,,,
,1515516271,5.7,,,
,1515516571,5.7,,,
,1515516871,5.7,,,
,1515517172,6.7,,,
,1515517472,6.7,,,
,1515517772,6.7,,,
,1515518072,6.7,,,
,1515518372,6.7,,,
,1515518673,6.7,,,
,1515518973,5.7,,,
,1515519273,5.7,,,
,1515519573,5.7,,,
,1515519873,5.7,,,
,1515520174,5.7,,,
,1515520474,5.7,,,
,1515520774,5.1,,,
,1515521074,5.1,,,
,1515521375,5.1,,,
,1515521675,5.1,,,
,1515521975,5.1,,,
,1515522275,5.1,,,
,1515522576,6.2,,,
,1515522876,6.2,,,
,1515523176,6.2,,,
,1515523476,6.2,,,
,1515523776,6.2,,,
,1515524077,6.2,,,
,1515524377,6.2,,,
,1515524677,6.2,,,
,1515524977,6.2,,,
,1515525278,6.2,,,
,1515525578,6.2,,,
,1515525878,6.2,,,
,1515526178,5.1,,,
,1515526479,5.1,,,
,1515526779,5.1,,,
,1515527079,5.1,,,
,1515527379,5.1,,,
,1515527680,5.1,,,
,1515527980,5.7,,,
,1515528280,5.7,,,
,1515528580,5.7,,,
,1515528881,5.7,,,
,1515529181,5.7,,,
,1515529481,5.7,,,
,1515529781,7.2,,,
,1515530081,7.2,,,
,1515530382,7.2,,,
,1515530682,7.2,,,
,1515530982,7.2,,,
,1515531282,7.2,,,
,1515531583,7.7,,,
,1515531883,7.7,,,
,1515532183,7.7,,,
,1515532483,7.7,,,
,1515532784,7.7,,,
,1515533084,7.7,,,
,1515533384,6.2,,,
,1515533684,6.2,,,
,1515533985,6.2,,,
,1515534285,6.2,,,
,1515534585,6.2,,,
,1515534885,6.2,,,
,1515535186,6.7,,,
,1515535486,6.7,,,
,1515535786,6.7,,,
,1515536086,6.7,,,
,1515536386,6.7,,,
,1515536686,6.7,,,
,1515536987,6.7,,,
,1515537287,6.7,,,
,1515537587,6.7,,,
,1515537887,6.7,,,
,1515538187,6.7,,,
,1515538488,6.7,,,
,1515538788,5.7,,,
,1515539088,5.7,,,
,1515539388,5.7,,,
,1515539688,5.7,,,
,1515539988,5.7,,,
,1515540289,5.7,,,
,1515540589,5.7,,,
,1515540889,5.7,,,
,1515541189,5.7,,,
,1515541489,5.7,,,
,1515541789,5.7,,,
,1515542090,5.7,,,
,1515542390,6.7,,,
,1515542690,6.7,,,
,1515542990,6.7,,,
,1515543290,6.7,,,
,1515543591,6.7,,,
,1515543891,6.7,,,
,1515544191,5.7,,,
,1515544491,5.7,,,
,1515544791,5.7,,,
,1515545091,5.7,,,
,1515545392,5.7,,,
,1515545692,5.7,,,
,1515545992,4.6,,,
,1515546292,4.6,,,
,1515546592,4.6,,,
,1515546892,4.6,,,
,1515547193,4.6,,,
,1515547493,4.6,,,
,1515547793,7.2,,,
,1515548093,7.2,,,
,1515548393,7.2,,,
,1515548693,7.2,,,
,1515548994,7.2,,,
,1515549294,7.2,,,
,1515549594,7.2,,,
,1515549894,7.2,,,
,1515550194,7.2,,,
,1515550494,7.2,,,
,1515550795,7.2,,,
,1515551095,7.2,,,
,1515551395,6.2,,,
,1515551696,6.2,,,
,1515551996,6.2,,,
,1515552296,6.2,,,
,1515552596,6.2,,,
,1515552896,6.2,,,
,1515553196,5.1,,,
,1515553497,5.1,,,
,1515553797,5.1,,,
,1515554097,5.1,,,
,1515554397,5.1,,,
,1515554697,5.1,,,
,1515554997,6.2,,,
,1515555298,6.2,,,
,1515555598,6.2,,,
,1515555898,6.2,,,
,1515556198,6.2,,,
,1515556498,6.2,,,
,1515556799,3.6,,,
,1515557099,3.6,,,
,1515557399,3.6,,,
,1515557699,3.6,,,
,1515557999,3.6,,,
,1515558299,3.6,,,
,1515558599,3.1,,,
,1515558900,3.1,,,
,1515559200,3.1,,,
,1515559500,3.1,,,
,1515559800,3.1,,,
,1515560100,3.1,,,
,1515560401,1.5,,,
,1515560701,1.5,,,
,1515561001,1.5,,,
,1515561301,1.5,,,
,1515561601,1.5,,,
,1515561902,1.5,,,
,1515562202,3.6,,,
,1515562502,3.6,,,
,1515562802,3.6,,,
,1515563102,3.6,,,
,1515563403,3.6,,,
,1515563703,3.6,,,
,1515564003,4.1,,,
,1515564303,4.1,,,
,1515564604,4.1,,,
,1515564904,4.1,,,
,1515565204,4.1,,,
,1515565504,4.1,,,
,1515565804,4.1,,,
,1515566105,4.1,,,
,1515566405,4.1,,,
,1515566705,4.1,,,
,1515567005,4.1,,,
,1515567305,4.1,,,
,1515567606,3.6,,,
,1515567906,3.6,,,
,1515568206,3.6,,,
,1515568506,3.6,,,
,1515568806,3.6,,,
,1515569107,3.6,,,
,1515569407,3.1,,,
,1515569707,3.1,,,
,1515570007,3.1,,,
,1515570307,3.1,,,
,1515570608,3.1,,,
,1515570908,3.1,,,
,1515571208,3.6,,,
,1515571508,3.6,,,
,1515571808,3.6,,,
,1515572108,3.6,,,
,1515572409,3.6,,,
,1515572709,3.6,,,
,1515573009,2.6,,,
,1515573309,2.6,,,
,1515573610,2.6,,,
,1515573910,2.6,,,
,1515574210,2.6,,,
,1515574510,2.6,,,
,1515574810,2.6,,,
,1515575111,2.6,,,
,1515575411,2.6,,,
,1515575711,2.6,,,
,1515576011,2.6,,,
,1515576311,2.6,,,
,1515576611,2.1,,,
,1515576912,2.1,,,
,1515577212,2.1,,,
,1515577512,2.1,,,
,1515577812,2.1,,,
,1515578112,2.1,,,
,1515578413,2.1,,,
,1515578713,2.1,,,
,1515579013,2.1,,,
,1515579313,2.1,,,
,1515579613,2.1,,,
,1515579914,2.1,,,
,1515580214,2.1,,,
,1515580514,2.1,,,
,1515580814,2.1,,,
,1515581114,2.1,,,
,1515581415,2.1,,,
,1515581715,2.1,,,
,1515582015,1.5,,,
,1515582315,1.5,,,
,1515582615,1.5,,,
,1515582916,1.5,,,
,1515583216,1.5,,,
,1515583516,1.5,,,
,1515583816,1.5,,,
,1515584116,1.5,,,
,1515584416,1.5,,,
,1515584717,1.5,,,
,1515585017,1.5,,,
,1515585317,1.5,,,
,1515585617,1.5,,,
,1515585917,1.5,,,
,1515586218,1.5,,,
,1515586518,1.5,,,
,1515586818,1.5,,,
,1515587118,1.5,,,
,1515587418,2.1,,,
,1515587719,2.1,,,
,1515588019,2.1,,,
,1515588319,2.1,,,
,1515588619,2.1,,,
,1515588919,2.1,,,
,1515589220,2.1,,,
,1515589520,2.1,,,
,1515589820,2.1,,,
,1515590120,2.1,,,
,1515590420,2.1,,,
,1515590720,2.1,,,
,1515591021,2.1,,,
,1515591321,2.1,,,
,1515591621,2.1,,,
,1515591921,2.1,,,
,1515592221,2.1,,,
,1515592521,2.1,,,
,1515592822,2.1,,,
,1515593122,2.1,,,
,1515593422,2.1,,,
,1515593722,2.1,,,
,1515594022,2.1,,,
,1515594322,2.1,,,
,1515594623,2.1,,,
,1515594923,2.1,,,
,1515595223,2.1,,,
,1515595523,2.1,,,
,1515595824,2.1,,,
,1515596124,2.1,,,
,1515596424,1.5,,,
,1515596724,1.5,,,
,1515597024,1.5,,,
,1515597325,1.5,,,
,1515597625,1.5,,,
,1515597925,1.5,,,
,1515598225,2.6,,,
,1515598525,2.6,,,
,1515598826,2.6,,,
,1515599126,2.6,,,
,1515599426,2.6,,,
,1515599726,2.6,,,
,1515600026,3.1,,,
,1515600327,3.1,,,
,1515600627,3.1,,,
,1515600927,3.1,,,
,1515601227,3.1,,,
,1515601528,3.1,,,
,1515601828,2.6,,,
,1515602128,2.6,,,
,1515602428,2.6,,,
,1515602728,2.6,,,
,1515603029,2.6,,,
,1515603329,2.6,,,
,1515603629,3.1,,,
,1515603929,3.1,,,
,1515604229,3.1,,,
,1515604530,3.1,,,
,1515604830,3.1,,,
,1515605130,3.1,,,
,1515605430,3.6,,,
,1515605730,3.6,,,
,1515606030,3.6,,,
,1515606331,3.6,,,
,1515606631,3.6,,,
,1515606931,3.6,,,
,1515607231,4.6,,,
,1515607532,4.6,,,
,1515607832,4.6,,,
,1515608132,4.6,,,
,1515608432,4.6,,,
,1515608732,4.6,,,
,1515609032,4.1,,,
,1515609333,4.1,,,
,1515609633,4.1,,,
,1515609933,4.1,,,
,1515610233,4.1,,,
,1515610533,4.1,,,
,1515610833,3.1,,,
,1515611134,3.1,,,
,1515611434,3.1,,,
,1515611734,3.1,,,
,1515612034,3.1,,,
,1515612334,3.1,,,
,1515612635,3.1,,,
,1515612935,3.1,,,
,1515613235,3.1,,,
,1515613535,3.1,,,
,1515613835,3.1,,,
,1515614135,3.1,,,
,1515614436,3.1,,,
,1515614736,3.1,,,
,1515615036,3.1,,,
,1515615337,3.1,,,
,1515615637,3.1,,,
,1515615937,3.1,,,
,1515616237,3.6,,,
,1515616537,3.6,,,
,1515616838,3.6,,,
,1515617138,3.6,,,
,1515617438,3.6,,,
,1515617738,3.6,,,
,1515618038,3.1,,,
,1515618339,3.1,,,
,1515618639,3.1,,,
,1515618939,3.1,,,
,1515619239,3.1,,,
,1515619539,3.1,,,
,1515619839,3.6,,,
,1515620139,3.6,,,
,1515620440,3.6,,,
,1515620740,3.6,,,
,1515621040,3.6,,,
,1515621340,3.6,,,
,1515621640,4.6,,,
,1515621941,4.6,,,
,1515622241,4.6,,,
,1515622541,4.6,,,
,1515622841,4.6,,,
,1515623141,4.6,,,
,1515623441,3.6,,,
,1515623742,3.6,,,
,1515624042,3.6,,,
,1515624342,3.6,,,
,1515624642,3.6,,,
,1515624942,3.6,,,
,1515625242,4.6,,,
,1515625543,4.6,,,
,1515625843,4.6,,,
,1515626143,4.6,,,
,1515626443,4.6,,,
,1515626743,4.6,,,
,1515627044,3.6,,,
,1515627344,3.6,,,
,1515627644,3.6,,,
,1515627944,3.6,,,
,1515628244,3.6,,,
,1515628544,3.6,,,
,1515628845,3.6,,,
,1515629145,3.6,,,
,1515629445,3.6,,,
,1515629745,3.6,,,
,1515630045,3.6,,,
,1515630345,3.6,,,
,1515630645,2.1,,,
,1515630946,2.1,,,
,1515631246,2.1,,,
,1515631546,2.1,,,
,1515631846,2.1,,,
,1515632147,2.1,,,
,1515632447,2.6,,,
,1515632747,2.6,,,
,1515633047,2.6,,,
,1515633347,2.6,,,
,1515633647,2.6,,,
,1515633948,2.6,,,
,1515634248,1.0,,,
,1515634548,1.0,,,
,1515634848,1.0,,,
,1515635148,1.0,,,
,1515635448,1.0,,,
,1515635749,1.0,,,
,1515636049,4.6,,,
,1515636349,4.6,,,
,1515636650,4.6,,,
,1515636950,4.6,,,
,1515637250,4.6,,,
,1515637550,4.6,,,
,1515637850,4.6,,,
,1515638150,4.6,,,
,1515638451,4.6,,,
,1515638751,4.6,,,
,1515639051,4.6,,,
,1515639351,4.6,,,
,1515639651,5.1,,,
,1515639952,5.1,,,
,1515640252,5.1,,,
,1515640552,5.1,,,
,1515640852,5.1,,,
,1515641152,5.1,,,
,1515641453,4.6,,,
,1515641753,4.6,,,
,1515642053,4.6,,,
,1515642353,4.6,,,
,1515642653,4.6,,,
,1515642953,4.6,,,
,1515643254,4.6,,,
,1515643554,4.6,,,
,1515643854,4.6,,,
,1515644154,4.6,,,
,1515644454,4.6,,,
,1515644754,4.6,,,
,1515645055,6.7,,,
,1515645355,6.7,,,
,1515645655,6.7,,,
,1515645955,6.7,,,
,1515646255,6.7,,,
,1515646556,6.7,,,
,1515646856,6.2,,,
,1515647156,6.2,,,
,1515647456,6.2,,,
,1515647756,6.2,,,
,1515648056,6.2,,,
,1515648357,6.2,,,
,1515648657,5.7,,,
,1515648957,5.7,,,
,1515649257,5.7,,,
,1515649557,5.7,,,
,1515649857,5.7,,,
,1515650158,5.7,,,
,1515650458,5.7,,,
,1515650758,5.7,,,
,1515651058,5.7,,,
,1515651358,5.7,,,
,1515651659,5.7,,,
,1515651959,5.7,,,
,1515652259,5.7,,,
,1515652559,5.7,,,
,1515652859,5.7,,,
,1515653159,5.7,,,
,1515653460,5.7,,,
,1515653760,5.7,,,
,1515654060,6.2,,,
,1515654360,6.2,,,
,1515654661,6.2,,,
,1515654961,6.2,,,
,1515655261,6.2,,,
,1515655561,6.2,,,
,1515655861,4.6,,,
,1515656162,4.6,,,
,1515656462,4.6,,,
,1515656762,4.6,,,
,1515657062,4.6,,,
,1515657362,4.6,,,
,1515657662,5.1,,,
,1515657963,5.1,,,
,1515658263,5.1,,,
,1515658563,5.1,,,
,1515658863,5.1,,,
,1515659163,5.1,,,
,1515659464,5.1,,,
,1515659764,5.1,,,
,1515660064,5.1,,,
,1515660364,5.1,,,
,1515660664,5.1,,,
,1515660964,5.1,,,
,1515661265,5.1,,,
,1515661565,5.1,,,
,1515661865,5.1,,,
,1515662165,5.1,,,
,1515662465,5.1,,,
,1515662765,5.1,,,
,1515663066,4.6,,,
,1515663366,4.6,,,
,1515663666,4.6,,,
,1515663966,4.6,,,
,1515664266,4.6,,,
,1515664567,4.6,,,
,1515664867,5.1,,,
,1515665167,5.1,,,
,1515665467,5.1,,,
,1515665767,5.1,,,
,1515666067,5.1,,,
,1515666368,5.1,,,
,1515666668,4.6,,,
,1515666968,4.6,,,
,1515667268,4.6,,,
,1515667568,4.6,,,
,1515667869,4.6,,,
,1515668169,4.6,,,
,1515668469,5.1,,,
,1515668769,5.1,,,
,1515669069,5.1,,,
,1515669370,5.1,,,
,1515669670,5.1,,,
,1515669970,5.1,,,
,1515670270,5.1,,,
,1515670571,5.1,,,
,1515670871,5.1,,,
,1515671171,5.1,,,
,1515671471,5.1,,,
,1515671771,5.1,,,
,1515672071,4.1,,,
,1515672372,4.1,,,
,1515672672,4.1,,,
,1515672972,4.1,,,
,1515673272,4.1,,,
,1515673572,4.1,,,
,1515673872,4.1,,,
,1515674173,4.1,,,
,1515674473,4.1,,,
,1515674773,4.1,,,
,1515675073,4.1,,,
,1515675373,4.1,,,
,1515675674,4.6,,,
,1515675974,4.6,,,
,1515676274,4.6,,,
,1515676574,4.6,,,
,1515676874,4.6,,,
,1515677174,4.6,,,
,1515677475,3.6,,,
,1515677775,3.6,,,
,1515678075,3.6,,,
,1515678375,3.6,,,
,1515678675,3.6,,,
,1515678976,3.6,,,
,1515679276,2.6,,,
,1515679576,2.6,,,
,1515679876,2.6,,,
,1515680176,2.6,,,
,1515680476,2.6,,,
,1515680777,2.6,,,
,1515681077,3.1,,,
,1515681377,3.1,,,
,1515681677,3.1,,,
,1515681977,3.1,,,
,1515682277,3.1,,,
,1515682578,3.1,,,
,1515682878,2.6,,,
,1515683178,2.6,,,
,1515683478,2.6,,,
,1515683778,2.6,,,
,1515684079,2.6,,,
,1515684379,2.6,,,
,1515684679,3.1,,,
,1515684979,3.1,,,
,1515685279,3.1,,,
,1515685580,3.1,,,
,1515685880,3.1,,,
,1515686180,3.1,,,
,1515686480,2.6,,,
,1515686780,2.6,,,
,1515687081,2.6,,,
,1515687381,3.1,,,
,1515687681,3.1,,,
,1515687981,3.1,,,
,1515688281,3.1,,,
,1515688582,3.1,,,
,1515688882,3.1,,,
,1515689182,3.1,,,
,1515689482,3.1,,,
,1515689783,3.1,,,
,1515690083,3.1,,,
,1515690383,3.1,,,
,1515690683,3.1,,,
,1515690983,3.1,,,
,1515691283,1.5,,,
,1515691584,1.5,,,
,1515691884,1.5,,,
,1515692184,1.5,,,
,1515692484,1.5,,,
,1515692784,1.5,,,
,1515693084,2.1,,,
,1515693385,2.1,,,
,1515693685,2.1,,,
,1515693985,2.1,,,
,1515694285,2.1,,,
,1515694585,2.1,,,
,1515694886,0.5,,,
,1515695186,0.5,,,
,1515695486,0.5,,,
,1515695786,0.5,,,
,1515696086,0.5,,,
,1515696386,0.5,,,
,1515696686,1.0,,,
,1515696987,1.0,,,
,1515697287,1.0,,,
,1515697587,1.0,,,
,1515697887,1.0,,,
,1515698187,1.0,,,
,1515698487,1.0,,,
,1515698788,1.0,,,
,1515699088,1.0,,,
,1515699388,1.0,,,
,1515699688,1.0,,,
,1515699988,1.0,,,
,1515700289,0.5,,,
,1515700589,0.5,,,
,1515700889,0.5,,,
,1515701189,0.5,,,
,1515701489,0.5,,,
,1515701789,0.5,,,
,1515702090,0.5,,,
,1515702390,0.5,,,
,1515702690,0.5,,,
,1515702990,0.5,,,
,1515703290,0.5,,,
,1515703590,0.5,,,
,1515703891,1.0,,,
,1515704191,1.0,,,
,1515704491,1.0,,,
,1515704791,1.0,,,
,1515705091,1.0,,,
,1515705391,1.0,,,
,1515705691,0.5,,,
,1515705992,0.5,,,
,1515706292,0.5,,,
,1515706592,0.5,,,
,1515706892,0.5,,,
,1515707192,0.5,,,
,1515707492,0.5,,,
,1515707793,0.5,,,
,1515708093,0.5,,,
,1515708393,0.5,,,
,1515708693,0.5,,,
,1515708993,0.5,,,
,1515709293,0.5,,,
,1515709594,0.5,,,
,1515709894,0.5,,,
,1515710194,0.5,,,
,1515710494,0.5,,,
,1515710794,0.5,,,
,1515711094,0.5,,,
,1515711394,0.5,,,
,1515711695,0.5,,,
,1515711995,0.5,,,
,1515712295,0.5,,,
,1515712595,0.5,,,
,1515712895,1.0,,,
,1515713195,1.0,,,
,1515713496,1.0,,,
,1515713796,1.0,,,
,1515714096,1.0,,,
,1515714396,1.0,,,
,1515714696,0.5,,,
,1515714996,0.5,,,
,1515715297,0.5,,,
,1515715597,0.5,,,
,1515715897,0.5,,,
,1515716197,0.5,,,
,1515716497,0.5,,,
,1515716797,0.5,,,
,1515717097,0.5,,,
,1515717398,0.5,,,
,1515717698,0.5,,,
,1515717998,0.5,,,
,1515718298,1.0,,,
,1515718598,1.0,,,
,1515718898,1.0,,,
,1515719199,1.0,,,
,1515719499,1.0,,,
,1515719799,1.0,,,
,1515720099,0.5,,,
,1515720399,0.5,,,
,1515720699,0.5,,,
,1515721000,0.5,,,
,1515721300,0.5,,,
,1515721600,0.5,,,
,1515721900,0.5,,,
,1515722200,0.5,,,
,1515722500,0.5,,,
,1515722801,0.5,,,
,1515723101,0.5,,,
,1515723401,0.5,,,
,1515723701,0.5,,,
,1515724001,0.5,,,
,1515724301,0.5,,,
,1515724602,0.5,,,
,1515724902,0.5,,,
,1515725202,0.5,,,
,1515725502,0.5,,,
,1515725802,0.5,,,
,1515726102,0.5,,,
,1515726403,0.5,,,
,1515726703,0.5,,,
,1515727003,0.5,,,
,1515727303,0.5,,,
,1515727603,0.5,,,
,1515727903,0.5,,,
,1515728204,0.5,,,
,1515728504,0.5,,,
,1515728804,0.5,,,
,1515729104,3.6,,,
,1515729404,3.6,,,
,1515729704,3.6,,,
,1515730005,3.6,,,
,1515730305,3.6,,,
,1515730605,3.6,,,
,1515730905,2.1,,,
,1515731205,2.1,,,
,1515731505,2.1,,,
,1515731806,2.1,,,
,1515732106,2.1,,,
,1515732406,2.1,,,
,1515732706,3.6,,,
,1515733006,3.6,,,
,1515733306,3.6,,,
,1515733606,3.6,,,
,1515733907,3.6,,,
,1515734207,3.6,,,
,1515734507,2.6,,,
,1515734807,2.6,,,
,1515735107,2.6,,,
,1515735407,2.6,,,
,1515735708,2.6,,,
,1515736008,2.6,,,
,1515736308,2.6,,,
,1515736608,2.6,,,
,1515736908,2.6,,,
,1515737208,2.6,,,
,1515737508,2.6,,,
,1515737809,2.6,,,
,1515738109,1.5,,,
,1515738409,1.5,,,
,1515738709,1.5,,,
,1515739009,1.5,,,
,1515739309,1.5,,,
,1515739610,1.5,,,
,1515739910,2.1,,,
,1515740210,2.1,,,
,1515740510,2.1,,,
,1515740810,2.1,,,
,1515741110,2.1,,,
,1515741411,2.1,,,
,1515741711,2.1,,,
,1515742011,2.1,,,
,1515742311,2.1,,,
,1515742611,2.1,,,
,1515742911,2.1,,,
,1515743212,2.1,,,
,1515743512,1.5,,,
,1515743812,1.5,,,
,1515744112,1.5,,,
,1515744412,1.5,,,
,1515744712,1.5,,,
,1515745013,1.5,,,
,1515745313,1.5,,,
,1515745613,1.5,,,
,1515745913,1.5,,,
,1515746213,1.5,,,
,1515746513,1.5,,,
,1515746814,1.5,,,
,1515747114,2.6,,,
,1515747414,2.6,,,
,1515747714,2.6,,,
,1515748014,2.6,,,
,1515748314,2.6,,,
,1515748615,2.6,,,
,1515748915,2.6,,,
,1515749215,2.6,,,
,1515749515,2.6,,,
,1515749815,2.6,,,
,1515750116,2.6,,,
,1515750416,2.6,,,
,1515750716,3.1,,,
,1515751016,3.1,,,
,1515751316,3.1,,,
,1515751616,3.1,,,
,1515751917,3.1,,,
,1515752217,3.1,,,
,1515752517,5.1,,,
,1515752817,5.1,,,
,1515753117,5.1,,,
,1515753417,5.1,,,
,1515753718,5.1,,,
,1515754018,5.1,,,
,1515754318,4.6,,,
,1515754618,4.6,,,
,1515754918,4.6,,,
,1515755218,4.6,,,
,1515755519,4.6,,,
,1515755819,4.6,,,
,1515756119,5.7,,,
,1515756419,5.7,,,
,1515756719,5.7,,,
,1515757019,5.7,,,
,1515757320,5.7,,,
,1515757620,5.7,,,
,1515757920,6.2,,,
,1515758220,6.2,,,
,1515758520,6.2,,,
,1515758820,6.2,,,
,1515759121,6.2,,,
,1515759421,6.2,,,
,1515759721,7.2,,,
,1515760021,7.2,,,
,1515760321,7.2,,,
,1515760621,7.2,,,
,1515760922,7.2,,,
,1515761222,7.2,,,
,1515761522,8.2,,,
,1515761822,8.2,,,
,1515762122,8.2,,,
,1515762422,8.2,,,
,1515762723,8.2,,,
,1515763023,8.2,,,
,1515763323,8.2,,,
,1515763623,8.2,,,
,1515763923,8.2,,,
,1515764224,8.2,,,
,1515764524,8.2,,,
,1515764824,8.2,,,
,1515765124,7.7,,,
,1515765424,7.7,,,
,1515765724,7.7,,,
,1515766025,7.7,,,
,1515766325,7.7,,,
,1515766625,7.7,,,
,1515766925,7.2,,,
,1515767225,7.2,,,
,1515767525,7.2,,,
,1515767826,7.2,,,
,1515768126,7.2,,,
,1515768426,7.2,,,
,1515768726,8.2,,,
,1515769026,8.2,,,
,1515769326,8.2,,,
,1515769627,8.2,,,
,1515769927,8.2,,,
,1515770227,8.2,,,
,1515770527,7.2,,,
,1515770827,7.2,,,
,1515771128,7.2,,,
,1515771428,7.2,,,
,1515771728,7.2,,,
,1515772028,7.2,,,
,1515772328,7.2,,,
,1515772629,7.2,,,
,1515772929,7.2,,,
,1515773229,7.2,,,
,1515773529,7.2,,,
,1515773830,7.2,,,
,1515774130,7.2,,,
,1515774430,7.2,,,
,1515774730,7.2,,,
,1515775030,7.2,,,
,1515775331,7.2,,,
,1515775631,7.2,,,
,1515775931,8.2,,,
,1515776231,8.2,,,
,1515776531,8.2,,,
,1515776831,8.2,,,
,1515777132,8.2,,,
,1515777432,8.2,,,
,1515777732,8.2,,,
,1515778032,8.2,,,
,1515778332,8.2,,,
,1515778632,8.2,,,
,1515778933,8.2,,,
,1515779233,8.2,,,
,1515779533,9.3,,,
,1515779833,9.3,,,
,1515780133,9.3,,,
,1515780433,9.3,,,
,1515780734,9.3,,,
,1515781034,9.3,,,
,1515781334,7.7,,,
,1515781634,7.7,,,
,1515781934,7.7,,,
,1515782234,7.7,,,
,1515782535,7.7,,,
,1515782835,7.7,,,
,1515783135,9.3,,,
,1515783435,9.3,,,
,1515783735,9.3,,,
,1515784035,9.3,,,
,1515784336,9.3,,,
,1515784636,9.3,,,
,1515784936,9.3,,,
,1515785236,9.3,,,
,1515785536,9.3,,,
,1515785836,9.3,,,
,1515786137,9.3,,,
,1515786437,9.3,,,
,1515786737,8.7,,,
,1515787037,8.7,,,
,1515787337,8.7,,,
,1515787637,8.7,,,
,1515787937,8.7,,,
,1515788238,8.7,,,
,1515788538,9.3,,,
,1515788838,9.3,,,
,1515789138,9.3,,,
,1515789438,9.3,,,
,1515789738,9.3,,,
,1515790039,9.3,,,
,1515790339,8.7,,,
,1515790639,8.7,,,
,1515790939,8.7,,,
,1515791239,8.7,,,
,1515791539,8.7,,,
,1515791840,8.7,,,
,1515792140,7.7,,,
,1515792440,7.7,,,
,1515792740,7.7,,,
,1515793040,7.7,,,
,1515793340,7.7,,,
,1515793641,7.7,,,
,1515793941,9.3,,,
,1515794241,9.3,,,
,1515794541,9.3,,,
,1515794841,9.3,,,
,1515795141,9.3,,,
,1515795442,9.3,,,
,1515795742,8.7,,,
,1515796042,8.7,,,
,1515796342,8.7,,,
,1515796642,8.7,,,
,1515796942,8.7,,,
,1515797243,8.7,,,
,1515797543,9.3,,,
,1515797843,9.3,,,
,1515798143,9.3,,,
,1515798443,9.3,,,
,1515798743,9.3,,,
,1515799043,9.3,,,
,1515799344,8.2,,,
,1515799644,8.2,,,
,1515799944,8.2,,,
,1515800244,8.2,,,
,1515800544,8.2,,,
,1515800844,8.2,,,
,1515801145,7.7,,,
,1515801445,7.7,,,
,1515801745,7.7,,,
,1515802045,7.7,,,
,1515802345,7.7,,,
,1515802645,7.7,,,
,1515802946,8.7,,,
,1515803246,8.7,,,
,1515803546,8.7,,,
,1515803846,8.7,,,
,1515804146,8.7,,,
,1515804446,8.7,,,
,1515804747,8.2,,,
,1515805047,8.2,,,
,1515805347,8.2,,,
,1515805647,8.2,,,
,1515805947,8.2,,,
,1515806248,8.2,,,
,1515806548,7.7,,,
,1515806848,7.7,,,
,1515807148,7.7,,,
,1515807448,7.7,,,
,1515807748,7.7,,,
,1515808048,7.7,,,
,1515808349,7.7,,,
,1515808649,7.7,,,
,1515808949,7.7,,,
,1515809249,7.7,,,
,1515809549,7.7,,,
,1515809850,7.7,,,
,1515810150,7.2,,,
,1515810450,7.2,,,
,1515810750,7.2,,,
,1515811050,7.2,,,
,1515811350,7.2,,,
,1515811651,7.2,,,
,1515811951,8.7,,,
,1515812251,8.7,,,
,1515812551,8.7,,,
,1515812851,8.7,,,
,1515813151,8.7,,,
,1515813451,8.7,,,
,1515813752,7.7,,,
,1515814052,7.7,,,
,1515814352,7.7,,,
,1515814652,7.7,,,
,1515814952,7.7,,,
,1515815253,7.7,,,
,1515815553,8.7,,,
,1515815853,8.7,,,
,1515816153,8.7,,,
,1515816453,8.7,,,
,1515816753,8.7,,,
,1515817054,8.7,,,
,1515817354,7.7,,,
,1515817654,7.7,,,
,1515817954,7.7,,,
,1515818254,7.7,,,
,1515818554,7.7,,,
,1515818855,7.7,,,
,1515819155,8.7,,,
,1515819455,8.7,,,
,1515819755,8.7,,,
,1515820055,8.7,,,
,1515820355,8.7,,,
,1515820655,8.7,,,
,1515820956,6.7,,,
,1515821256,6.7,,,
,1515821556,6.7,,,
,1515821856,6.7,,,
,1515822156,6.7,,,
,1515822456,6.7,,,
,1515822757,8.2,,,
,1515823057,8.2,,,
,1515823357,8.2,,,
,1515823657,8.2,,,
,1515823957,8.2,,,
,1515824257,8.2,,,
,1515824558,7.2,,,
,1515824858,7.2,,,
,1515825158,7.2,,,
,1515825458,7.2,,,
,1515825758,7.2,,,
,1515826058,7.2,,,
,1515826359,7.2,,,
,1515826659,7.2,,,
,1515826959,7.2,,,
,1515827259,7.2,,,
,1515827559,7.2,,,
,1515827859,7.2,,,
,1515828160,7.7,,,
,1515828460,7.7,,,
,1515828760,7.7,,,
,1515829060,7.7,,,
,1515829360,7.7,,,
,1515829660,7.7,,,
,1515829961,6.7,,,
,1515830261,6.7,,,
,1515830561,6.7,,,
,1515830861,6.7,,,
,1515831161,6.7,,,
,1515831461,6.7,,,
,1515831761,7.2,,,
,1515832062,7.2,,,
,1515832362,7.2,,,
,1515832662,7.2,,,
,1515832962,7.2,,,
,1515833262,7.2,,,
,1515833562,8.2,,,
,1515833863,8.2,,,
,1515834163,8.2,,,
,1515834463,8.2,,,
,1515834763,8.2,,,
,1515835063,8.2,,,
,1515835363,6.7,,,
,1515835664,6.7,,,
,1515835964,6.7,,,
,1515836264,6.7,,,
,1515836564,6.7,,,
,1515836864,6.7,,,
,1515837164,6.2,,,
,1515837465,6.2,,,
,1515837765,6.2,,,
,1515838065,6.2,,,
,1515838365,6.2,,,
,1515838665,6.2,,,
,1515838965,7.7,,,
,1515839266,7.7,,,
,1515839566,7.7,,,
,1515839866,7.7,,,
,1515840166,7.7,,,
,1515840466,7.7,,,
,1515840766,7.7,,,
,1515841067,7.7,,,
,1515841367,7.7,,,
,1515841667,7.7,,,
,1515841967,7.7,,,
,1515842267,7.7,,,
,1515842567,8.7,,,
,1515842867,8.7,,,
,1515843168,8.7,,,
,1515843468,8.7,,,
,1515843768,8.7,,,
,1515844068,8.7,,,
,1515844368,9.3,,,
,1515844668,9.3,,,
,1515844969,9.3,,,
,1515845269,9.3,,,
,1515845569,9.3,,,
,1515845869,9.3,,,
,1515846169,10.3,,,
,1515846469,10.3,,,
,1515846770,10.3,,,
,1515847070,10.3,,,
,1515847370,10.3,,,
,1515847670,10.3,,,
,1515847970,10.3,,,
,1515848270,10.3,,,
,1515848571,10.3,,,
,1515848871,10.3,,,
,1515849171,10.3,,,
,1515849471,10.3,,,
,1515849771,9.3,,,
,1515850071,9.3,,,
,1515850371,9.3,,,
,1515850672,9.3,,,
,1515850972,9.3,,,
,1515851272,9.3,,,
,1515851572,9.8,,,
,1515851872,9.8,,,
,1515852173,9.8,,,
,1515852473,9.8,,,
,1515852773,9.8,,,
,1515853073,9.8,,,
,1515853373,10.8,,,
,1515853673,10.8,,,
,1515853974,10.8,,,
,1515854274,10.8,,,
,1515854574,10.8,,,
,1515854874,10.8,,,
,1515855174,8.2,,,
,1515855474,8.2,,,
,1515855775,8.2,,,
,1515856075,8.2,,,
,1515856375,8.2,,,
,1515856675,8.2,,,
,1515856975,9.8,,,
,1515857275,9.8,,,
,1515857576,9.8,,,
,1515857876,9.8,,,
,1515858176,9.8,,,
,1515858476,9.8,,,
,1515858776,10.3,,,
,1515859077,10.3,,,
,1515859377,10.3,,,
,1515859677,10.3,,,
,1515859977,10.3,,,
,1515860277,10.3,,,
,1515860577,7.7,,,
,1515860878,7.7,,,
,1515861178,7.7,,,
,1515861478,7.7,,,
,1515861778,7.7,,,
,1515862078,7.7,,,
,1515862378,9.3,,,
,1515862679,9.3,,,
,1515862979,9.3,,,
,1515863279,9.3,,,
,1515863579,9.3,,,
,1515863879,9.3,,,
,1515864179,9.3,,,
,1515864480,9.3,,,
,1515864780,9.3,,,
,1515865080,9.3,,,
,1515865380,9.3,,,
,1515865680,9.3,,,
,1515865980,7.7,,,
,1515866281,7.7,,,
,1515866581,7.7,,,
,1515866881,7.7,,,
,1515867181,7.7,,,
,1515867481,7.7,,,
,1515867782,7.7,,,
,1515868082,7.7,,,
,1515868382,7.7,,,
,1515868682,7.7,,,
,1515868982,7.7,,,
,1515869282,7.7,,,
,1515869583,8.7,,,
,1515869883,8.7,,,
,1515870183,8.7,,,
,1515870483,8.7,,,
,1515870783,8.7,,,
,1515871084,8.7,,,
,1515871384,9.3,,,
,1515871684,9.3,,,
,1515871984,9.3,,,
,1515872284,9.3,,,
,1515872584,9.3,,,
,1515872884,9.3,,,
,1515873185,10.8,,,
,1515873485,10.8,,,
,1515873785,10.8,,,
,1515874085,10.8,,,
,1515874385,10.8,,,
,1515874685,10.8,,,
,1515874986,8.7,,,
,1515875286,8.7,,,
,1515875586,8.7,,,
,1515875886,8.7,,,
,1515876186,8.7,,,
,1515876486,8.7,,,
,1515876787,7.2,,,
,1515877087,7.2,,,
,1515877387,7.2,,,
,1515877687,7.2,,,
,1515877987,7.2,,,
,1515878287,7.2,,,
,1515878588,9.3,,,
,1515878888,9.3,,,
,1515879188,9.3,,,
,1515879488,9.3,,,
,1515879788,9.3,,,
,1515880088,9.3,,,
,1515880389,8.7,,,
,1515880689,8.7,,,
,1515880989,8.7,,,
,1515881289,8.7,,,
,1515881589,8.7,,,
,1515881889,8.7,,,
,1515882190,8.2,,,
,1515882490,8.2,,,
,1515882790,8.2,,,
,1515883090,8.2,,,
,1515883390,8.2,,,
,1515883690,8.2,,,
,1515883991,9.3,,,
,1515884291,9.3,,,
,1515884592,9.3,,,
,1515884892,9.3,,,
,1515885192,9.3,,,
,1515885492,9.3,,,
,1515885792,8.7,,,
,1515886092,8.7,,,
,1515886393,8.7,,,
,1515886693,8.7,,,
,1515886993,8.7,,,
,1515887293,8.7,,,
,1515887593,8.7,,,
,1515887893,8.7,,,
,1515888194,8.7,,,
,1515888494,8.7,,,
,1515888794,8.7,,,
,1515889094,8.7,,,
,1515889394,9.3,,,
,1515889694,9.3,,,
,1515889994,9.3,,,
,1515890295,9.3,,,
,1515890595,9.3,,,
,1515890895,9.3,,,
,1515891195,8.2,,,
,1515891495,8.2,,,
,1515891795,8.2,,,
,1515892096,8.2,,,
,1515892396,8.2,,,
,1515892696,8.2,,,
,1515892996,9.8,,,
,1515893296,9.8,,,
,1515893596,9.8,,,
,1515893897,9.8,,,
,1515894197,9.8,,,
,1515894497,9.8,,,
,1515894797,9.8,,,
,1515895097,9.8,,,
,1515895397,9.8,,,
,1515895698,9.8,,,
,1515895998,9.8,,,
,1515896298,9.8,,,
,1515896598,8.2,,,
,1515896898,8.2,,,
,1515897198,8.2,,,
,1515897499,8.2,,,
,1515897799,8.2,,,
,1515898099,8.2,,,
,1515898399,9.3,,,
,1515898699,9.3,,,
,1515898999,9.3,,,
,1515899299,9.3,,,
,1515899600,9.3,,,
,1515899900,9.3,,,
,1515900200,7.2,,,
,1515900500,7.2,,,
,1515900800,7.2,,,
,1515901100,7.2,,,
,1515901401,7.2,,,
,1515901701,7.2,,,
,1515902001,7.2,,,
,1515902301,7.2,,,
,1515902601,7.2,,,
,1515902901,7.2,,,
,1515903202,7.2,,,
,1515903502,7.2,,,
,1515903802,7.2,,,
,1515904102,7.2,,,
,1515904402,7.2,,,
,1515904702,7.2,,,
,1515905002,7.2,,,
,1515905303,7.2,,,
,1515905603,8.7,,,
,1515905903,8.7,,,
,1515906203,8.7,,,
,1515906503,8.7,,,
,1515906803,8.7,,,
,1515907104,8.7,,,
,1515907404,8.7,,,
,1515907704,8.7,,,
,1515908004,8.7,,,
,1515908304,8.7,,,
,1515908604,8.7,,,
,1515908905,8.7,,,
,1515909205,9.3,,,
,1515909505,9.3,,,
,1515909805,9.3,,,
,1515910105,9.3,,,
,1515910406,9.3,,,
,1515910706,9.3,,,
,1515911006,9.3,,,
,1515911306,8.7,,,
,1515911606,8.7,,,
,1515911906,8.7,,,
,1515912206,8.7,,,
,1515912507,8.7,,,
,1515912807,8.7,,,
,1515913107,11.8,,,
,1515913407,11.8,,,
,1515913707,11.8,,,
,1515914007,11.8,,,
,1515914308,11.8,,,
,1515914608,11.8,,,
,1515914908,10.8,,,
,1515915208,10.8,,,
,1515915508,10.8,,,
,1515915808,10.8,,,
,1515916109,10.8,,,
,1515916409,10.8,,,
,1515916709,9.8,,,
,1515917009,9.8,,,
,1515917309,9.8,,,
,1515917609,9.8,,,
,1515917910,9.8,,,
,1515918210,9.8,,,
,1515918510,8.7,,,
,1515918810,8.7,,,
,1515919110,8.7,,,
,1515919410,8.7,,,
,1515919711,8.7,,,
,1515920011,8.7,,,
,1515920311,10.3,,,
,1515920611,10.3,,,
,1515920911,10.3,,,
,1515921211,10.3,,,
,1515921512,10.3,,,
,1515921812,10.3,,,
,1515922112,9.8,,,
,1515922412,9.8,,,
,1515922712,9.8,,,
,1515923012,9.8,,,
,1515923313,9.8,,,
,1515923613,9.8,,,
,1515923913,9.3,,,
,1515924213,9.3,,,
,1515924513,9.3,,,
,1515924813,9.3,,,
,1515925113,9.3,,,
,1515925414,9.3,,,
,1515925714,9.8,,,
,1515926014,9.8,,,
,1515926314,9.8,,,
,1515926614,9.8,,,
,1515926914,9.8,,,
,1515927215,9.8,,,
,1515927515,9.3,,,
,1515927815,9.3,,,
,1515928115,9.3,,,
,1515928415,9.3,,,
,1515928715,9.3,,,
,1515929016,9.3,,,
,1515929316,9.3,,,
,1515929616,9.3,,,
,1515929916,9.3,,,
,1515930216,9.3,,,
,1515930516,9.3,,,
,1515930817,9.3,,,
,1515931117,9.8,,,
,1515931417,9.8,,,
,1515931717,9.8,,,
,1515932017,9.8,,,
,1515932317,9.8,,,
,1515932618,9.8,,,
,1515932918,11.3,,,
,1515933218,11.3,,,
,1515933518,11.3,,,
,1515933818,11.3,,,
,1515934118,11.3,,,
,1515934419,11.3,,,
,1515934719,10.8,,,
,1515935019,10.8,,,
,1515935319,10.8,,,
,1515935619,10.8,,,
,1515935919,10.8,,,
,1515936220,10.8,,,
,1515936520,11.3,,,
,1515936820,11.3,,,
,1515937120,11.3,,,
,1515937420,11.3,,,
,1515937720,11.3,,,
,1515938020,11.3,,,
,1515938321,9.8,,,
,1515938621,9.8,,,
,1515938921,9.8,,,
,1515939221,9.8,,,
,1515939521,9.8,,,
,1515939821,9.8,,,
,1515940122,10.3,,,
,1515940422,10.3,,,
,1515940722,10.3,,,
,1515941022,10.3,,,
,1515941322,10.3,,,
,1515941622,10.3,,,
,1515941922,10.8,,,
,1515942223,10.8,,,
,1515942523,10.8,,,
,1515942823,10.8,,,
,1515943123,10.8,,,
,1515943423,10.8,,,
,1515943724,11.3,,,
,1515944024,11.3,,,
,1515944324,11.3,,,
,1515944624,11.3,,,
,1515944924,11.3,,,
,1515945225,11.3,,,
,1515945525,11.8,,,
,1515945825,11.8,,,
,1515946125,11.8,,,
,1515946425,11.8,,,
,1515946726,11.8,,,
,1515947026,11.8,,,
,1515947326,13.4,,,
,1515947626,13.4,,,
,1515947926,13.4,,,
,1515948226,13.4,,,
,1515948527,13.4,,,
,1515948827,13.4,,,
,1515949127,11.3,,,
,1515949427,11.3,,,
,1515949727,11.3,,,
,1515950027,11.3,,,
,1515950327,11.3,,,
,1515950628,11.3,,,
,1515950928,11.3,,,
,1515951228,11.3,,,
,1515951528,11.3,,,
,1515951828,11.3,,,
,1515952128,11.3,,,
,1515952429,11.3,,,
,1515952729,12.9,,,
,1515953029,12.9,,,
,1515953331,12.9,,,
,1515953632,12.9,,,
,1515953932,12.9,,,
,1515954232,12.9,,,
,1515954533,14.9,,,
,1515954833,14.9,,,
,1515955133,14.9,,,
,1515955433,14.9,,,
,1515955733,14.9,,,
,1515956033,14.9,,,
,1515956334,13.9,,,
,1515956634,13.9,,,
,1515956934,13.9,,,
,1515957234,13.9,,,
,1515957534,13.9,,,
,1515957834,13.9,,,
,1515958135,14.4,,,
,1515958435,14.4,,,
,1515958735,14.4,,,
,1515959035,14.4,,,
,1515959335,14.4,,,
,1515959635,14.4,,,
,1515959935,14.4,,,
,1515960236,14.4,,,
,1515960536,14.4,,,
,1515960836,14.4,,,
,1515961136,14.4,,,
,1515961436,14.4,,,
,1515961736,13.4,,,
,1515962037,13.4,,,
,1515962342,13.4,,,
,1515962642,13.4,,,
,1515962943,13.4,,,
,1515963243,13.4,,,
,1515963543,14.9,,,
,1515963843,14.9,,,
,1515964143,14.9,,,
,1515964443,14.9,,,
,1515964744,14.9,,,
,1515965044,14.9,,,
,1515965344,14.4,,,
,1515965644,14.4,,,
,1515965944,14.4,,,
,1515966244,14.4,,,
,1515966545,14.4,,,
,1515966845,14.4,,,
,1515967145,15.9,,,
,1515967445,15.9,,,
,1515967745,15.9,,,
,1515968045,15.9,,,
,1515968346,15.9,,,
,1515968646,15.9,,,
,1515968946,16.5,,,
,1515969246,16.5,,,
,1515969546,16.5,,,
,1515969846,16.5,,,
,1515970146,16.5,,,
,1515970447,16.5,,,
,1515970747,14.9,,,
,1515971047,14.9,,,
,1515971347,14.9,,,
,1515971647,14.9,,,
,1515971947,14.9,,,
,1515972249,14.9,,,
,1515972549,13.4,,,
,1515972849,13.4,,,
,1515973149,13.4,,,
,1515973449,13.4,,,
,1515973750,13.4,,,
,1515974050,13.4,,,
,1515974350,12.3,,,
,1515974650,12.3,,,
,1515974950,12.3,,,
,1515975250,12.3,,,
,1515975551,12.3,,,
,1515975851,12.3,,,
,1515976151,13.9,,,
,1515976451,13.9,,,
,1515976751,13.9,,,
,1515977051,13.9,,,
,1515977352,13.9,,,
,1515977652,13.9,,,
,1515977952,11.8,,,
,1515978252,11.8,,,
,1515978552,11.8,,,
,1515978852,11.8,,,
,1515979153,11.8,,,
,1515979453,11.8,,,
,1515979753,10.3,,,
,1515980053,10.3,,,
,1515980353,10.3,,,
,1515980653,10.3,,,
,1515980954,10.3,,,
,1515981254,10.3,,,
,1515981554,9.8,,,
,1515981854,9.8,,,
,1515982154,9.8,,,
,1515982454,9.8,,,
,1515982755,9.8,,,
,1515983055,9.8,,,
,1515983355,7.2,,,
,1515983655,7.2,,,
,1515983955,7.2,,,
,1515984255,7.2,,,
,1515984556,7.2,,,
,1515984856,7.2,,,
,1515985156,7.2,,,
,1515985456,7.2,,,
,1515985756,7.2,,,
,1515986056,7.2,,,
,1515986357,7.2,,,
,1515986657,7.2,,,
,1515986957,6.7,,,
,1515987257,6.7,,,
,1515987557,6.7,,,
,1515987857,6.7,,,
,1515988158,6.7,,,
,1515988458,6.7,,,
,1515988758,5.1,,,
,1515989058,5.1,,,
,1515989358,5.1,,,
,1515989658,5.1,,,
,1515989959,5.1,,,
,1515990259,5.1,,,
,1515990559,3.6,,,
,1515990859,3.6,,,
,1515991159,3.6,,,
,1515991459,3.6,,,
,1515991759,3.6,,,
,1515992060,3.6,,,
,1515992360,2.6,,,
,1515992660,2.6,,,
,1515992960,2.6,,,
,1515993260,2.6,,,
,1515993560,2.6,,,
,1515993861,2.6,,,
,1515994161,2.1,,,
,1515994461,2.1,,,
,1515994761,2.1,,,
,1515995061,2.1,,,
,1515995361,2.1,,,
,1515995662,2.1,,,
,1515995962,1.0,,,
,1515996262,1.0,,,
,1515996562,1.0,,,
,1515996862,1.0,,,
,1515997162,1.0,,,
,1515997463,1.0,,,
,1515997763,1.0,,,
,1515998063,1.0,,,
,1515998363,1.0,,,
,1515998663,1.0,,,
,1515998963,1.0,,,
,1515999264,1.0,,,
,1515999564,3.1,,,
,1515999864,3.1,,,
,1516000164,3.1,,,
,1516000464,3.1,,,
,1516000764,3.1,,,
,1516001065,3.1,,,
,1516001365,2.6,,,
,1516001665,2.6,,,
,1516001965,2.6,,,
,1516002265,2.6,,,
,1516002565,2.6,,,
,1516002866,2.6,,,
,1516003166,2.6,,,
,1516003466,2.6,,,
,1516003766,2.6,,,
,1516004066,2.6,,,
,1516004366,2.6,,,
,1516004667,2.6,,,
,1516004967,2.6,,,
,1516005267,2.6,,,
,1516005567,2.6,,,
,1516005867,2.6,,,
,1516006167,2.6,,,
,1516006468,2.6,,,
,1516006768,2.6,,,
,1516007068,2.6,,,
,1516007368,2.6,,,
,1516007668,2.6,,,
,1516007968,2.6,,,
,1516008269,2.6,,,
,1516008569,2.1,,,
,1516008869,2.1,,,
,1516009169,2.1,,,
,1516009469,2.1,,,
,1516009769,2.1,,,
,1516010070,2.1,,,
,1516010370,3.1,,,
,1516010670,3.1,,,
,1516010970,3.1,,,
,1516011270,3.1,,,
,1516011570,3.1,,,
,1516011871,3.1,,,
,1516012171,3.1,,,
,1516012471,3.1,,,
,1516012771,3.1,,,
,1516013071,3.1,,,
,1516013372,3.1,,,
,1516013672,3.1,,,
,1516013972,1.0,,,
,1516014272,1.0,,,
,1516014572,1.0,,,
,1516014872,1.0,,,
,1516015173,1.0,,,
,1516015473,1.0,,,
,1516015773,2.1,,,
,1516016073,2.1,,,
,1516016373,2.1,,,
,1516016674,2.1,,,
,1516016974,2.1,,,
,1516017274,2.1,,,
,1516017574,4.1,,,
,1516017874,4.1,,,
,1516018174,4.1,,,
,1516018475,4.1,,,
,1516018775,4.1,,,
,1516019075,4.1,,,
,1516019375,4.1,,,
,1516019675,4.1,,,
,1516019975,4.1,,,
,1516020276,4.1,,,
,1516020576,4.1,,,
,1516020876,4.1,,,
,1516021176,4.6,,,
,1516021476,4.6,,,
,1516021776,4.6,,,
,1516022077,4.6,,,
,1516022377,4.6,,,
,1516022677,4.6,,,
,1516022977,3.6,,,
,1516023277,3.6,,,
,1516023578,3.6,,,
,1516023878,3.6,,,
,1516024178,3.6,,,
,1516024478,3.6,,,
,1516024778,0.0,,,
,1516025078,0.0,,,
,1516025379,0.0,,,
,1516025679,4.1,,,
,1516025979,4.1,,,
,1516026279,4.1,,,
,1516026579,5.7,,,
,1516026879,5.7,,,
,1516027180,5.7,,,
,1516027480,5.7,,,
,1516027780,5.7,,,
,1516028080,5.7,,,
,1516028380,5.7,,,
,1516028680,5.7,,,
,1516028984,5.7,,,
,1516029284,5.7,,,
,1516029585,5.7,,,
,1516029885,5.7,,,
,1516030185,5.1,,,
,1516030485,5.1,,,
,1516030785,5.1,,,
,1516031086,5.1,,,
,1516031386,5.1,,,
,1516031686,5.1,,,
,1516031986,5.1,,,
,1516032286,5.1,,,
,1516032587,5.1,,,
,1516032887,5.1,,,
,1516033187,5.1,,,
,1516033487,5.1,,,
,1516033787,5.7,,,
,1516034088,5.7,,,
,1516034388,5.7,,,
,1516034688,5.7,,,
,1516034988,5.7,,,
,1516035288,5.7,,,
,1516035588,4.6,,,
,1516035889,4.6,,,
,1516036189,4.6,,,
,1516036489,4.6,,,
,1516036789,4.6,,,
,1516037089,4.6,,,
,1516037389,3.1,,,
,1516037689,3.1,,,
,1516037990,3.1,,,
,1516038290,3.1,,,
,1516038590,3.1,,,
,1516038890,3.1,,,
,1516039190,4.6,,,
,1516039490,4.6,,,
,1516039791,4.6,,,
,1516040091,4.6,,,
,1516040391,4.6,,,
,1516040691,4.6,,,
,1516040991,2.6,,,
,1516041291,2.6,,,
,1516041592,2.6,,,
,1516041892,2.6,,,
,1516042192,2.6,,,
,1516042492,2.6,,,
,1516042792,3.6,,,
,1516043092,3.6,,,
,1516043393,3.6,,,
,1516043693,3.6,,,
,1516043993,3.6,,,
,1516044293,3.6,,,
,1516044593,3.1,,,
,1516044894,3.1,,,
,1516045194,3.1,,,
,1516045494,3.1,,,
,1516045794,3.1,,,
,1516046094,3.1,,,
,1516046394,3.6,,,
,1516046695,3.6,,,
,1516046995,3.6,,,
,1516047295,3.6,,,
,1516047595,3.6,,,
,1516047895,3.6,,,
,1516048195,5.1,,,
,1516048496,5.1,,,
,1516048796,5.1,,,
,1516049096,5.1,,,
,1516049396,5.1,,,
,1516049696,5.1,,,
,1516049996,5.7,,,
,1516050297,5.7,,,
,1516050597,5.7,,,
,1516050897,5.7,,,
,1516051197,5.7,,,
,1516051497,5.7,,,
,1516051797,5.1,,,
,1516052098,5.1,,,
,1516052398,5.1,,,
,1516052698,5.1,,,
,1516052998,5.1,,,
,1516053298,5.1,,,
,1516053598,4.6,,,
,1516053899,4.6,,,
,1516054199,4.6,,,
,1516054499,4.6,,,
,1516054799,4.6,,,
,1516055099,4.6,,,
,1516055399,4.1,,,
,1516055700,4.1,,,
,1516056000,4.1,,,
,1516056300,4.1,,,
,1516056600,4.1,,,
,1516056900,4.1,,,
,1516057200,4.6,,,
,1516057501,4.6,,,
,1516057801,4.6,,,
,1516058101,4.6,,,
,1516058401,4.6,,,
,1516058701,4.6,,,
,1516059002,3.6,,,
,1516059302,3.6,,,
,1516059602,3.6,,,
,1516059902,3.6,,,
,1516060202,3.6,,,
,1516060503,3.6,,,
,1516060803,4.1,,,
,1516061103,4.1,,,
,1516061403,4.1,,,
,1516061703,4.1,,,
,1516062004,4.1,,,
,1516062304,4.1,,,
,1516062604,4.6,,,
,1516062904,4.6,,,
,1516063204,4.6,,,
,1516063504,4.6,,,
,1516063805,4.6,,,
,1516064105,4.6,,,
,1516064405,4.1,,,
,1516064705,4.1,,,
,1516065006,4.1,,,
,1516065306,4.1,,,
,1516065606,4.1,,,
,1516065906,4.1,,,
,1516066206,5.1,,,
,1516066512,5.1,,,
,1516066818,5.1,,,
,1516067119,5.1,,,
,1516067425,5.1,,,
,1516067732,4.6,,,
,1516068032,4.6,,,
,1516068332,4.6,,,
,1516068633,4.6,,,
,1516068933,4.6,,,
,1516069233,4.6,,,
,1516069533,4.6,,,
,1516069833,3.6,,,
,1516070133,3.6,,,
,1516070434,3.6,,,
,1516070734,3.6,,,
,1516071034,3.6,,,
,1516071334,3.6,,,
,1516071634,4.6,,,
,1516071934,4.6,,,
,1516072235,4.6,,,
,1516072535,4.6,,,
,1516072835,4.6,,,
,1516073135,4.6,,,
,1516073435,4.6,,,
,1516073735,4.6,,,
,1516074036,4.6,,,
,1516074336,4.6,,,
,1516074636,4.6,,,
,1516074936,4.6,,,
,1516075236,4.1,,,
,1516075536,4.1,,,
,1516075837,4.1,,,
,1516076137,4.1,,,
,1516076437,4.1,,,
,1516076737,4.1,,,
,1516077037,4.1,,,
,1516077337,4.1,,,
,1516077637,4.1,,,
,1516077938,4.1,,,
,1516078238,4.1,,,
,1516078538,4.1,,,
,1516078838,3.6,,,
,1516079138,3.6,,,
,1516079438,3.6,,,
,1516079739,3.6,,,
,1516080039,3.6,,,
,1516080339,3.6,,,
,1516080639,3.6,,,
,1516080939,3.6,,,
,1516081239,3.6,,,
,1516081540,3.6,,,
,1516081840,3.6,,,
,1516082140,3.6,,,
,1516082440,4.1,,,
,1516082740,4.1,,,
,1516083040,4.1,,,
,1516083341,5.7,,,
,1516083641,5.7,,,
,1516083941,5.7,,,
,1516084241,5.7,,,
,1516084541,5.7,,,
,1516084841,5.7,,,
,1516085142,5.7,,,
,1516085442,5.7,,,
,1516085742,5.7,,,
,1516086042,5.7,,,
,1516086342,5.7,,,
,1516086643,5.7,,,
,1516086943,5.7,,,
,1516087243,4.1,,,
,1516087543,4.1,,,
,1516087843,4.1,,,
,1516088143,4.1,,,
,1516088443,4.1,,,
,1516088744,4.1,,,
,1516089044,4.1,,,
,1516089344,4.1,,,
,1516089644,4.1,,,
,1516089944,0.0,,,
,1516090245,0.0,,,
,1516090545,0.0,,,
,1516090845,4.1,,,
,1516091145,4.1,,,
,1516091445,4.1,,,
,1516091745,4.1,,,
,1516092046,4.1,,,
,1516092346,4.1,,,
,1516092646,4.1,,,
,1516092946,4.1,,,
,1516093246,4.1,,,
,1516093546,4.1,,,
,1516093847,4.1,,,
,1516094147,4.1,,,
,1516094447,4.6,,,
,1516094747,4.6,,,
,1516095047,4.6,,,
,1516095347,4.6,,,
,1516095648,4.6,,,
,1516095948,4.6,,,
,1516096248,4.1,,,
,1516096548,4.1,,,
,1516096848,4.1,,,
,1516097149,4.1,,,
,1516097449,4.1,,,
,1516097749,4.1,,,
,1516098049,5.7,,,
,1516098349,5.7,,,
,1516098649,5.7,,,
,1516098950,5.7,,,
,1516099250,5.7,,,
,1516099550,5.7,,,
,1516099850,4.6,,,
,1516100150,4.6,,,
,1516100451,4.6,,,
,1516100751,4.6,,,
,1516101051,4.6,,,
,1516101351,4.6,,,
,1516101651,5.7,,,
,1516101951,5.7,,,
,1516102252,5.7,,,
,1516102552,5.7,,,
,1516102852,5.7,,,
,1516103152,5.7,,,
,1516103452,5.1,,,
,1516103752,5.1,,,
,1516104053,5.1,,,
,1516104353,5.1,,,
,1516104653,5.1,,,
,1516104953,5.1,,,
,1516105253,5.1,,,
,1516105553,5.1,,,
,1516105854,5.1,,,
,1516106154,5.1,,,
,1516106454,5.1,,,
,1516106754,5.1,,,
,1516107054,6.7,,,
,1516107355,6.7,,,
,1516107655,6.7,,,
,1516107955,6.7,,,
,1516108255,6.7,,,
,1516108555,6.7,,,
,1516108855,6.2,,,
,1516109156,6.2,,,
,1516109456,6.2,,,
,1516109756,6.2,,,
,1516110056,6.2,,,
,1516110356,6.2,,,
,1516110656,7.2,,,
,1516110957,7.2,,,
,1516111257,7.2,,,
,1516111557,7.2,,,
,1516111857,7.2,,,
,1516112157,7.2,,,
,1516112457,5.7,,,
,1516112758,5.7,,,
,1516113058,5.7,,,
,1516113358,5.7,,,
,1516113658,5.7,,,
,1516113958,5.7,,,
,1516114258,5.7,,,
,1516114559,5.7,,,
,1516114859,5.7,,,
,1516115159,5.7,,,
,1516115459,5.7,,,
,1516115759,5.7,,,
,1516116060,6.7,,,
,1516116360,6.7,,,
,1516116660,6.7,,,
,1516116960,6.7,,,
,1516117260,6.7,,,
,1516117561,6.7,,,
,1516117861,5.1,,,
,1516118161,5.1,,,
,1516118461,5.1,,,
,1516118761,5.1,,,
,1516119062,5.1,,,
,1516119362,5.1,,,
,1516119662,5.7,,,
,1516119962,5.7,,,
,1516120262,5.7,,,
,1516120563,5.7,,,
,1516120863,5.7,,,
,1516121163,5.7,,,
,1516121463,4.6,,,
,1516121763,4.6,,,
,1516122063,4.6,,,
,1516122364,4.6,,,
,1516122664,4.6,,,
,1516122964,4.6,,,
,1516123264,4.6,,,
,1516123564,4.6,,,
,1516123864,4.6,,,
,1516124165,4.6,,,
,1516124465,4.6,,,
,1516124765,4.6,,,
,1516125065,3.6,,,
,1516125365,3.6,,,
,1516125665,3.6,,,
,1516125966,3.6,,,
,1516126266,3.6,,,
,1516126566,3.6,,,
,1516126866,3.6,,,
,1516127166,3.6,,,
,1516127466,3.6,,,
,1516127767,3.6,,,
,1516128067,3.6,,,
,1516128367,3.6,,,
,1516128667,4.1,,,
,1516128967,4.1,,,
,1516129267,4.1,,,
,1516129567,4.1,,,
,1516129868,4.1,,,
,1516130168,4.1,,,
,1516130468,4.1,,,
,1516130768,4.1,,,
,1516131068,4.1,,,
,1516131368,4.1,,,
,1516131669,4.1,,,
,1516131969,4.1,,,
,1516132269,5.7,,,
,1516132569,5.7,,,
,1516132869,5.7,,,
,1516133169,5.7,,,
,1516133470,5.7,,,
,1516133770,5.7,,,
,1516134070,4.6,,,
,1516134370,4.6,,,
,1516134670,4.6,,,
,1516134970,4.6,,,
,1516135270,4.6,,,
,1516135571,4.6,,,
,1516135871,4.1,,,
,1516136171,4.1,,,
,1516136471,4.1,,,
,1516136771,4.1,,,
,1516137071,4.1,,,
,1516137372,4.1,,,
,1516137672,3.1,,,
,1516137972,3.1,,,
,1516138272,3.1,,,
,1516138572,3.1,,,
,1516138872,3.1,,,
,1516139173,3.1,,,
,1516139473,5.1,,,
,1516139773,5.1,,,
,1516140073,5.1,,,
,1516140373,5.1,,,
,1516140673,5.1,,,
,1516140974,5.1,,,
,1516141274,4.6,,,
,1516141574,4.6,,,
,1516141874,4.6,,,
,1516142175,4.6,,,
,1516142475,4.6,,,
,1516142775,4.6,,,
,1516143075,5.7,,,
,1516143375,5.7,,,
,1516143676,5.7,,,
,1516143976,5.7,,,
,1516144276,5.7,,,
,1516144576,5.7,,,
,1516144876,5.1,,,
,1516145176,5.1,,,
,1516145476,5.1,,,
,1516145777,5.1,,,
,1516146077,5.1,,,
,1516146377,5.1,,,
,1516146677,5.1,,,
,1516146977,5.1,,,
,1516147277,5.1,,,
,1516147578,5.1,,,
,1516147878,5.1,,,
,1516148178,5.1,,,
,1516148478,4.6,,,
,1516148778,4.6,,,
,1516149078,4.6,,,
,1516149379,4.6,,,
,1516149679,4.6,,,
,1516149979,4.6,,,
,1516150279,6.2,,,
,1516150579,6.2,,,
,1516150879,6.2,,,
,1516151180,6.2,,,
,1516151480,6.2,,,
,1516151780,6.2,,,
,1516152080,5.7,,,
,1516152380,5.7,,,
,1516152680,5.7,,,
,1516152981,5.7,,,
,1516153283,5.7,,,
,1516153583,5.7,,,
,1516153883,5.1,,,
,1516154183,5.1,,,
,1516154483,5.1,,,
,1516154783,5.1,,,
,1516155084,5.1,,,
,1516155384,5.1,,,
,1516155684,4.6,,,
,1516155984,4.6,,,
,1516156284,4.6,,,
,1516156584,4.6,,,
,1516156884,4.6,,,
,1516157185,4.6,,,
,1516157485,3.6,,,
,1516157785,3.6,,,
,1516158085,3.6,,,
,1516158385,3.6,,,
,1516158685,3.6,,,
,1516158986,3.6,,,
,1516159286,4.6,,,
,1516159586,4.6,,,
,1516159886,4.6,,,
,1516160186,4.6,,,
,1516160486,4.6,,,
,1516160787,4.6,,,
,1516161087,5.1,,,
,1516161387,5.1,,,
,1516161687,5.1,,,
,1516161987,5.1,,,
,1516162287,5.1,,,
,1516162588,5.1,,,
,1516162888,5.7,,,
,1516163188,5.7,,,
,1516163488,5.7,,,
,1516163788,5.7,,,
,1516164088,5.7,,,
,1516164388,5.7,,,
,1516164689,4.6,,,
,1516164989,4.6,,,
,1516165289,4.6,,,
,1516165589,4.6,,,
,1516165889,4.6,,,
,1516166189,4.6,,,
,1516166490,5.7,,,
,1516166790,5.7,,,
,1516167090,5.7,,,
,1516167390,5.7,,,
,1516167690,5.7,,,
,1516167990,5.7,,,
,1516168291,7.7,,,
,1516168591,7.7,,,
,1516168891,7.7,,,
,1516169191,7.7,,,
,1516169491,7.7,,,
,1516169791,7.7,,,
,1516170091,6.7,,,
,1516170392,6.7,,,
,1516170692,6.7,,,
,1516170992,6.7,,,
,1516171292,6.7,,,
,1516171592,6.7,,,
,1516171892,7.2,,,
,1516172193,7.2,,,
,1516172493,7.2,,,
,1516172793,7.2,,,
,1516173093,7.2,,,
,1516173393,7.2,,,
,1516173694,8.2,,,
,1516173994,8.2,,,
,1516174294,8.2,,,
,1516174594,8.2,,,
,1516174894,8.2,,,
,1516175194,8.2,,,
,1516175495,6.7,,,
,1516175795,6.7,,,
,1516176095,6.7,,,
,1516176395,6.7,,,
,1516176695,6.7,,,
,1516176995,6.7,,,
,1516177296,6.2,,,
,1516177596,6.2,,,
,1516177896,6.2,,,
,1516178196,6.2,,,
,1516178496,6.2,,,
,1516178796,6.2,,,
,1516179097,7.7,,,
,1516179397,7.7,,,
,1516179697,7.7,,,
,1516179997,7.7,,,
,1516180297,7.7,,,
,1516180597,7.7,,,
,1516180898,7.2,,,
,1516181198,7.2,,,
,1516181498,7.2,,,
,1516181798,7.2,,,
,1516182098,7.2,,,
,1516182398,7.2,,,
,1516182699,5.7,,,
,1516182999,5.7,,,
,1516183299,5.7,,,
,1516183599,5.7,,,
,1516183899,5.7,,,
,1516184199,5.7,,,
,1516184500,6.2,,,
,1516184800,6.2,,,
,1516185100,6.2,,,
,1516185400,6.2,,,
,1516185700,6.2,,,
,1516186000,6.2,,,
,1516186301,6.2,,,
,1516186601,6.2,,,
,1516186901,6.2,,,
,1516187201,6.2,,,
,1516187501,6.2,,,
,1516187802,6.2,,,
,1516188102,6.7,,,
,1516188402,6.7,,,
,1516188702,6.7,,,
,1516189002,6.7,,,
,1516189302,6.7,,,
,1516189603,6.7,,,
,1516189903,7.2,,,
,1516190203,7.2,,,
,1516190503,7.2,,,
,1516190803,7.2,,,
,1516191103,7.2,,,
,1516191404,7.2,,,
,1516191704,7.7,,,
,1516192004,7.7,,,
,1516192304,7.7,,,
,1516192605,7.7,,,
,1516192905,7.7,,,
,1516193205,7.7,,,
,1516193505,7.7,,,
,1516193805,7.7,,,
,1516194105,7.7,,,
,1516194406,7.7,,,
,1516194706,7.7,,,
,1516195006,7.7,,,
,1516195306,6.2,,,
,1516195606,6.2,,,
,1516195906,6.2,,,
,1516196207,6.2,,,
,1516196507,6.2,,,
,1516196807,6.2,,,
,1516197107,7.7,,,
,1516197407,7.7,,,
,1516197707,7.7,,,
,1516198008,7.7,,,
,1516198308,7.7,,,
,1516198608,7.7,,,
,1516198908,6.2,,,
,1516199208,6.2,,,
,1516199508,6.2,,,
,1516199809,6.2,,,
,1516200109,6.2,,,
,1516200409,6.2,,,
,1516200709,6.2,,,
,1516201009,6.2,,,
,1516201309,6.2,,,
,1516201610,6.2,,,
,1516201910,6.2,,,
,1516202210,6.2,,,
,1516202510,5.7,,,
,1516202810,5.7,,,
,1516203111,5.7,,,
,1516203411,5.7,,,
,1516203711,5.7,,,
,1516204011,5.7,,,
,1516204311,5.7,,,
,1516204611,5.7,,,
,1516204912,5.7,,,
,1516205212,5.7,,,
,1516205512,5.7,,,
,1516205812,5.7,,,
,1516206112,5.7,,,
,1516206413,5.7,,,
,1516206713,5.7,,,
,1516207013,5.7,,,
,1516207313,5.7,,,
,1516207613,5.7,,,
,1516207913,7.2,,,
,1516208214,7.2,,,
,1516208514,7.2,,,
,1516208814,7.2,,,
,1516209114,7.2,,,
,1516209414,7.2,,,
,1516209714,7.2,,,
,1516210015,7.2,,,
,1516210315,7.2,,,
,1516210615,7.2,,,
,1516210915,7.2,,,
,1516211215,7.2,,,
,1516211515,6.2,,,
,1516211816,6.2,,,
,1516212116,6.2,,,
,1516212416,6.2,,,
,1516212716,6.2,,,
,1516213016,6.2,,,
,1516213316,6.2,,,
,1516213617,6.2,,,
,1516213917,6.2,,,
,1516214217,6.2,,,
,1516214517,6.2,,,
,1516214817,6.2,,,
,1516215117,6.2,,,
,1516215418,6.2,,,
,1516215718,6.2,,,
,1516216018,6.2,,,
,1516216318,6.2,,,
,1516216618,6.2,,,
,1516216918,5.1,,,
,1516217219,5.1,,,
,1516217519,5.1,,,
,1516217819,5.1,,,
,1516218119,5.1,,,
,1516218419,5.1,,,
,1516218719,6.2,,,
,1516219020,6.2,,,
,1516219320,6.2,,,
,1516219620,6.2,,,
,1516219920,6.2,,,
,1516220220,6.2,,,
,1516220520,6.2,,,
,1516220821,6.2,,,
,1516221121,6.2,,,
,1516221421,6.2,,,
,1516221721,6.2,,,
,1516222021,6.2,,,
,1516222321,2.6,,,
,1516222622,2.6,,,
,1516222922,2.6,,,
,1516223222,2.6,,,
,1516223522,2.6,,,
,1516223822,2.6,,,
,1516224123,0.5,,,
,1516224423,0.5,,,
,1516224723,0.5,,,
,1516225023,0.5,,,
,1516225323,0.5,,,
,1516225623,0.5,,,
,1516225923,1.5,,,
,1516226224,1.5,,,
,1516226524,1.5,,,
,1516226824,1.5,,,
,1516227124,1.5,,,
,1516227424,1.5,,,
,1516227724,2.6,,,
,1516228025,2.6,,,
,1516228325,2.6,,,
,1516228625,2.6,,,
,1516228925,2.6,,,
,1516229225,2.6,,,
,1516229525,3.1,,,
,1516229826,3.1,,,
,1516230126,3.1,,,
,1516230426,3.1,,,
,1516230726,3.1,,,
,1516231026,3.1,,,
,1516231326,2.6,,,
,1516231627,2.6,,,
,1516231927,2.6,,,
,1516232227,2.6,,,
,1516232527,2.6,,,
,1516232827,2.6,,,
,1516233127,2.1,,,
,1516233428,2.1,,,
,1516233728,2.1,,,
,1516234028,2.1,,,
,1516234328,2.1,,,
,1516234628,2.1,,,
,1516234929,1.5,,,
,1516235229,1.5,,,
,1516235529,1.5,,,
,1516235829,1.5,,,
,1516236129,1.5,,,
,1516236429,1.5,,,
,1516236730,1.0,,,
,1516237030,1.0,,,
,1516237330,1.0,,,
,1516237630,1.0,,,
,1516237930,1.0,,,
,1516238230,1.0,,,
,1516238531,2.1,,,
,1516238831,2.1,,,
,1516239131,2.1,,,
,1516239431,2.1,,,
,1516239731,2.1,,,
,1516240031,2.1,,,
,1516240332,2.1,,,
,1516240632,2.1,,,
,1516240932,2.1,,,
,1516241232,2.1,,,
,1516241532,2.1,,,
,1516241832,2.1,,,
,1516242133,1.5,,,
,1516242433,1.5,,,
,1516242733,1.5,,,
,1516243033,1.5,,,
,1516243333,1.5,,,
,1516243633,1.5,,,
,1516243934,0.5,,,
,1516244234,0.5,,,
,1516244534,0.5,,,
,1516244834,0.5,,,
,1516245134,0.5,,,
,1516245434,0.5,,,
,1516245735,2.1,,,
,1516246035,2.1,,,
,1516246335,2.1,,,
,1516246635,2.1,,,
,1516246935,2.1,,,
,1516247235,2.1,,,
,1516247536,4.6,,,
,1516247836,4.6,,,
,1516248136,4.6,,,
,1516248436,4.6,,,
,1516248736,4.6,,,
,1516249036,4.6,,,
,1516249337,4.1,,,
,1516249637,4.1,,,
,1516249937,4.1,,,
,1516250237,4.1,,,
,1516250537,4.1,,,
,1516250837,4.1,,,
,1516251138,3.6,,,
,1516251438,3.6,,,
,1516251738,3.6,,,
,1516252038,3.6,,,
,1516252338,3.6,,,
,1516252638,3.6,,,
,1516252938,4.6,,,
,1516253239,4.6,,,
,1516253539,4.6,,,
,1516253839,4.6,,,
,1516254139,4.6,,,
,1516254439,4.6,,,
,1516254739,4.1,,,
,1516255040,4.1,,,
,1516255340,4.1,,,
,1516255640,4.1,,,
,1516255940,4.1,,,
,1516256240,4.1,,,
,1516256540,2.6,,,
,1516256841,2.6,,,
,1516257141,2.6,,,
,1516257441,2.6,,,
,1516257741,2.6,,,
,1516258041,2.6,,,
,1516258341,1.0,,,
,1516258642,1.0,,,
,1516258942,1.0,,,
,1516259242,1.0,,,
,1516259542,1.0,,,
,1516259842,1.0,,,
,1516260143,3.1,,,
,1516260443,3.1,,,
,1516260743,3.1,,,
,1516261043,3.1,,,
,1516261343,3.1,,,
,1516261643,3.1,,,
,1516261944,5.1,,,
,1516262244,5.1,,,
,1516262544,5.1,,,
,1516262844,5.1,,,
,1516263144,5.1,,,
,1516263444,5.1,,,
,1516263745,4.6,,,
,1516264045,4.6,,,
,1516264345,4.6,,,
,1516264645,4.6,,,
,1516264945,4.6,,,
,1516265245,4.6,,,
,1516265546,5.1,,,
,1516265846,5.1,,,
,1516266146,5.1,,,
,1516266446,5.1,,,
,1516266747,5.1,,,
,1516267047,5.1,,,
,1516267347,5.7,,,
,1516267647,5.7,,,
,1516267947,5.7,,,
,1516268247,5.7,,,
,1516268548,5.7,,,
,1516268848,5.7,,,
,1516269148,6.2,,,
,1516269448,6.2,,,
,1516269748,6.2,,,
,1516270048,6.2,,,
,1516270349,6.2,,,
,1516270649,6.2,,,
,1516270949,6.7,,,
,1516271249,6.7,,,
,1516271549,6.7,,,
,1516271850,6.7,,,
,1516272150,6.7,,,
,1516272450,6.7,,,
,1516272750,6.2,,,
,1516273050,6.2,,,
,1516273350,6.2,,,
,1516273651,6.2,,,
,1516273951,6.2,,,
,1516274251,6.2,,,
,1516274551,5.7,,,
,1516274851,5.7,,,
,1516275151,5.7,,,
,1516275452,5.7,,,
,1516275752,5.7,,,
,1516276052,5.7,,,
,1516276352,6.2,,,
,1516276652,6.2,,,
,1516276952,6.2,,,
,1516277253,6.2,,,
,1516277553,6.2,,,
,1516277853,6.2,,,
,1516278153,6.7,,,
,1516278453,6.7,,,
,1516278754,6.7,,,
,1516279054,6.7,,,
,1516279354,6.7,,,
,1516279654,6.7,,,
,1516279954,6.7,,,
,1516280255,6.7,,,
,1516280555,6.7,,,
,1516280855,6.7,,,
,1516281155,6.7,,,
,1516281455,6.7,,,
,1516281756,5.7,,,
,1516282056,5.7,,,
,1516282356,5.7,,,
,1516282656,5.7,,,
,1516282956,5.7,,,
,1516283257,5.7,,,
,1516283557,5.7,,,
,1516283857,5.7,,,
,1516284157,5.7,,,
,1516284457,5.7,,,
,1516284757,5.7,,,
,1516285058,5.7,,,
,1516285358,3.1,,,
,1516285658,3.1,,,
,1516285958,3.1,,,
,1516286258,3.1,,,
,1516286558,3.1,,,
,1516286859,3.1,,,
,1516287159,2.1,,,
,1516287459,2.1,,,
,1516287759,2.1,,,
,1516288059,2.1,,,
,1516288360,2.1,,,
,1516288660,2.1,,,
,1516288960,3.1,,,
,1516289260,3.1,,,
,1516289560,3.1,,,
,1516289861,3.1,,,
,1516290161,3.1,,,
,1516290461,3.1,,,
,1516290761,1.5,,,
,1516291068,1.5,,,
,1516291368,1.5,,,
,1516291668,1.5,,,
,1516291969,1.5,,,
,1516292269,1.5,,,
,1516292569,2.6,,,
,1516292869,2.6,,,
,1516293169,2.6,,,
,1516293469,0.0,,,
,1516293770,0.0,,,
,1516294070,0.0,,,
,1516294370,1.5,,,
,1516294670,1.5,,,
,1516294970,1.5,,,
,1516295270,1.5,,,
,1516295571,1.5,,,
,1516295871,1.5,,,
,1516296171,1.0,,,
,1516296471,1.0,,,
,1516296771,1.0,,,
,1516297071,1.0,,,
,1516297372,1.0,,,
,1516297672,1.0,,,
,1516297972,0.5,,,
,1516298272,0.5,,,
,1516298572,0.5,,,
,1516298872,0.5,,,
,1516299173,0.5,,,
,1516299473,0.5,,,
,1516299773,0.5,,,
,1516300073,0.5,,,
,1516300373,0.5,,,
,1516300673,0.5,,,
,1516300974,0.5,,,
,1516301274,0.5,,,
,1516301574,1.5,,,
,1516301874,1.5,,,
,1516302174,1.5,,,
,1516302474,1.5,,,
,1516302775,1.5,,,
,1516303075,1.5,,,
,1516303375,1.0,,,
,1516303675,1.0,,,
,1516303975,1.0,,,
,1516304275,1.0,,,
,1516304576,1.0,,,
,1516304876,1.0,,,
,1516305176,1.0,,,
,1516305476,1.0,,,
,1516305776,1.0,,,
,1516306076,1.0,,,
,1516306377,1.0,,,
,1516306677,1.0,,,
,1516306977,1.5,,,
,1516307277,1.5,,,
,1516307577,1.5,,,
,1516307877,1.5,,,
,1516308178,1.5,,,
,1516308478,1.5,,,
,1516308778,2.6,,,
,1516309078,2.6,,,
,1516309378,2.6,,,
,1516309678,2.6,,,
,1516309978,2.6,,,
,1516310279,2.6,,,
,1516310579,0.5,,,
,1516310879,0.5,,,
,1516311179,0.5,,,
,1516311479,0.5,,,
,1516311779,0.5,,,
,1516312080,0.5,,,
,1516312380,3.6,,,
,1516312680,3.6,,,
,1516312980,3.6,,,
,1516313280,3.6,,,
,1516313580,3.6,,,
,1516313881,3.6,,,
,1516314181,4.1,,,
,1516314481,4.1,,,
,1516314781,4.1,,,
,1516315081,4.1,,,
,1516315381,4.1,,,
,1516315682,4.1,,,
,1516315982,1.0,,,
,1516316282,1.0,,,
,1516316583,1.0,,,
,1516316883,1.0,,,
,1516317183,1.0,,,
,1516317483,1.0,,,
,1516317783,1.5,,,
,1516318084,1.5,,,
,1516318384,1.5,,,
,1516318684,1.5,,,
,1516318984,1.5,,,
,1516319284,1.5,,,
,1516319584,1.0,,,
,1516319885,1.0,,,
,1516320185,1.0,,,
,1516320485,1.0,,,
,1516320785,1.0,,,
,1516321085,1.0,,,
,1516321385,2.1,,,
,1516321686,2.1,,,
,1516321986,2.1,,,
,1516322286,2.1,,,
,1516322586,2.1,,,
,1516322886,2.1,,,
,1516323186,3.1,,,
,1516323487,3.1,,,
,1516323787,3.1,,,
,1516324087,3.1,,,
,1516324387,3.1,,,
,1516324687,3.1,,,
,1516324987,2.1,,,
,1516325288,2.1,,,
,1516325588,2.1,,,
,1516325888,2.1,,,
,1516326188,2.1,,,
,1516326488,2.1,,,
,1516326788,3.1,,,
,1516327088,3.1,,,
,1516327389,3.1,,,
